acid_base_type,pka,Smiles
acidic,3.730000019,Brc1ccc(-c2nn[nH]n2)cc1
basic,5.050000191,Brc1ccc(C2NCCS2)cc1
basic,7.0,Brc1ccc(Cc2c3ccccc3nc3ccccc23)cc1
basic,11.30000019,Brc1cccc(Br)c1N(C1=NCCN1)C1CCCCC1
basic,10.89999962,Brc1cccc(Br)c1N(CC1CCCC1)C1=NCCN1
acidic,3.829999924,Brc1ccccc1-c1nn[nH]n1
basic,3.539999962,Brc1cncc2ccccc12
basic,6.650000095,C#CC(C)(C)N(C)C(C)(C)C#C
acidic,4.599999905,C#CCCCC(=O)O
basic,9.229999542,C#CCCN
basic,5.440000057,C#CCN1CCN(C(=O)OCC)CC1
basic,6.079999924,C#CCNCC#C
basic,9.729999542,C#C[C@]1(O)C[C@@H](C)N[C@@H]2CCCC[C@H]21
basic,9.289999962,C#C[C@]1(O)C[C@@H](C)N[C@H]2CCCC[C@@H]21
acidic,9.180000305,C#N
acidic,3.220000029,C/C=C(\Cl)C(=O)O
acidic,4.28000021,C/C=C/CC(=O)O
acidic,4.510000229,C/C=C\C=C/C(=O)O
basic,7.230000019,C1=C(c2nc3ccccc3o2)C2CCN1CC2
basic,10.93999958,C1CCCNCC1
basic,5.880000114,C1CN(CC2CO2)CCO1
basic,6.050000191,C1CN1
basic,8.649999619,C=C(C)C(=O)OC(C)CN(CC)CC
acidic,4.659999847,C=C(C)C(=O)O
basic,10.89999962,C=C(C)CCN(C1=NCCN1)c1c(Br)cccc1Br
acidic,2.549999952,C=C(F)C(=O)O
basic,9.399999619,C=C(F)CN(CC)C(=O)[C@@]1(c2cccs2)C[C@H]1CN
basic,8.350000381,C=C1[C@H](OC(C)=O)[C@]23C[C@H]4C5[C@@]67C(C2C[C@@H]1C[C@]36O)N4C[C@]5(C)C[C@@H](OC(C)=O)[C@@H]7OC(C)=O
basic,10.09000015,C=CC(=O)NC(C)(C)CCN(CC)CC
basic,7.199999809,C=CC(=O)Nc1cc(Nc2ncc(Cl)c(-c3cnn4ccccc34)n2)c(OC)cc1N1CC(N(C)C)C1
basic,8.25,C=CC(=O)OCCN(C)C
basic,9.670000076,C=CC(C)(C)OCC(O)CNC(C)(C)C
basic,4.570000172,C=CC(C)Nc1ccccc1
acidic,4.329999924,C=CCC(=O)O
basic,9.399999619,C=CCN(CC=C)C(=O)[C@@]1(c2cccs2)C[C@H]1CN
acidic,4.449999809,C=CCOc1ccc(C(=O)O)cc1
basic,9.523332596,C=CCOc1ccccc1OCC(O)CNC(C)C
basic,5.650000095,C=CCSS/C(CCO)=C(/C)N(C=O)Cc1cnc(C)nc1N
basic,8.720000267,C=CCN(C)C
basic,8.31000042,C=CCN(CC=C)CC=C
basic,9.350000381,C=CCNCC=C
basic,4.949999809,C=Cc1ccccn1
acidic,2.630000114,CC#CC(=O)O
acidic,3.599999905,CC#CCC(=O)O
acidic,7.639999866,CC(=O)/C=C(/C)O
acidic,8.850000381,CC(=O)C=C(C)O
basic,8.949999809,CC(=O)CCN(C)C
basic,3.519999981,CC(=O)N(C)c1cccnc1
acidic,7.320000172,CC(=O)N(c1ccccc1)c1nnc(S(N)(=O)=O)s1
basic,5.260000229,CC(=O)N1CCNc2ncnc(C)c21
acidic,2.5,CC(=O)N1C[S+]([O-])C[C@H]1C(=O)O
basic,7.099999905,CC(=O)N1N=C(c2cc(F)ccc2F)C[C@@]1(CCCN1CCOCC1)c1ccccc1
basic,9.279999733,CC(=O)NCCN
acidic,9.0,CC(=O)NCc1cc(C)cc(CNC(C)=O)c1O
acidic,5.400000095,CC(=O)NCc1cccc(Cn2nc(NS(=O)(=O)c3ccc(Cl)s3)c3c(C#N)cccc32)c1
acidic,5.460000038,CC(=O)NCc1cccc(Cn2nc(NS(=O)(=O)c3ccc(Cl)s3)c3c(C(C)(C)O)cccc32)c1
acidic,5.619999886,CC(=O)NCc1cccc(Cn2nc(NS(=O)(=O)c3ccc(Cl)s3)c3c(F)cccc32)c1
acidic,9.069999695,CC(=O)NO
basic,7.849999905,CC(=O)N[C@@H](Cc1cc(F)cc(F)c1)[C@H](O)CNC1(c2cccc(-n3cccn3)c2)CCCCC1
basic,6.699999809,CC(=O)N[C@@H](Cc1cc(F)cc(F)c1)[C@H](O)CNC1(c2cccc(C(C)(C)C(F)F)c2)CC1
acidic,5.800000191,CC(=O)N[C@H]1CONC1=O
acidic,9.543333054,CC(=O)Nc1ccc(O)cc1
acidic,9.489999771,CC(=O)Nc1ccc(OC(=O)Nc2cc(Cl)ccc2O)cc1
acidic,10.02000046,CC(=O)Nc1ccc(S(N)(=O)=O)cc1
basic,9.93999958,CC(=O)Nc1ccc2nc(OCCN(C)C)ccc2c1
basic,3.0,CC(=O)Nc1cccc2cc3ccccc3nc12
basic,6.5,CC(=O)Nc1ccnc(N2CCc3ccccc3C2)c1
basic,10.28999996,CC(=O)OCC1CN2CCC1CC2
acidic,10.22000027,CC(=O)OCCCc1ccc(S(N)(=O)=O)cc1
basic,8.300000191,CC(=O)OCCN(C)C
basic,4.599999905,CC(=O)O[C@@H]([C@H]1C[C@@H](C)[C@H]2[C@H](O1)[C@H](O)[C@@]1(C)[C@@H]3CC[C@H]4C(C)(C)[C@@H](O[C@H]5CN(C6COC6)CCO5)CC[C@@]45C[C@@]35CC[C@]21C)C(C)(C)O
acidic,8.880000114,CC(=O)Sc1ccc(O)cc1
acidic,4.190000057,CC(=O)[C@@H]1C[C@@H]1C(=O)O
acidic,4.630000114,CC(=O)[C@@H]1C[C@H](C(=O)O)C1(C)C
acidic,9.010000229,CC(=O)c1cc(C(=O)c2ccccc2)[nH]n1
acidic,8.979999542,CC(=O)c1cc(C(C)=O)[nH]n1
acidic,5.860000134,CC(=O)c1ccc(O)c2ncccc12
acidic,4.150000095,CC(=O)c1ccccc1C(=O)O
basic,2.309999943,CC(=O)c1ccccc1N
acidic,9.199999809,CC(=O)c1ccccc1N=NC(C(=O)c1ccccc1)=C(O)c1ccccc1
acidic,10.36999989,CC(=O)c1ccccc1O
basic,5.03000021,CC(=O)n1ccnc1C
basic,10.92000008,CC(=N)N1C2CCC1CC(OC(=O)C(CO)c1ccccc1)C2
acidic,3.700000048,CC(C(=O)O)C(C#N)c1ccccc1
acidic,4.599999905,CC(C(=O)O)c1ccc(N2Cc3ccccc3C2=O)cc1
acidic,5.210000038,CC(C(N)=O)S(=O)(=O)NC(N)=O
acidic,9.920000076,CC(C)(C(N)=O)S(N)(=O)=O
acidic,9.590000153,CC(C)(C)C(=O)NO
acidic,2.539999962,CC(C)(C)CC#CC(=O)O
acidic,11.22000027,CC(C)(C)CCCCc1ccc(O)cc1
basic,8.699999809,CC(C)(C)CCN1CCC(CNC(=O)c2cc(Cl)cc(Cl)c2)CC1
basic,10.17000008,CC(C)(C)CN
acidic,10.10000038,CC(C)(C)N(O)C(=O)c1ccccc1
basic,7.150000095,CC(C)(C)Nc1ccccc1
acidic,11.14000034,CC(C)(C)S
basic,5.900000095,CC(C)(C)[C@@]1(O)CCN2C[C@@H]3c4ccccc4CCc4cccc(c43)[C@H]2C1
basic,7.150000095,CC(C)(C)[C@]1(O)CCN2C[C@H]3c4ccccc4CCc4cccc(c43)[C@@H]2C1
basic,10.10999966,CC(C)(C)NCCO
basic,10.76500034,CC(C)(C)N
basic,7.800000191,CC(C)(C)c1[nH]c2ccccc2c1C1CCCN(Cc2ccc(CCC(=O)N=O)cc2)C1
basic,7.300000191,CC(C)(C)c1[nH]c2ccccc2c1C1CCCN(Cc2ccc(CCC(=O)N=O)cc2F)C1
acidic,11.81999969,CC(C)(C)c1cc(/C=C/Cl)cc(C(C)(C)C)c1O
acidic,3.529999971,CC(C)(C)c1ccccc1C(=O)O
basic,6.699999809,CC(C)(C)c1ccnc(C(C)(C)C)c1
acidic,3.690000057,CC(C)(CO[N+](=O)[O-])C(=O)Oc1ccccc1C(=O)O
acidic,4.039999962,CC(C)(O)C(=O)O
basic,7.199999809,CC(C)(O)c1ccn2ccnc2c1
basic,5.400000095,CC(C)(O)c1ccn2ccnc2c1F
basic,9.050000191,CC(C)(N)CNC(=O)C[C@H]1CC[C@@]2(CC1)C[C@@]1(OO2)C2CC3CC(C2)CC1C3
acidic,4.699999809,CC(C)/C=C/C(=O)O
acidic,6.179999828,CC(C)=CCC1C(=O)C(CC=C(C)C)(CC=C(C)C)C(=O)C(C(=O)CC(C)C)=C1O
acidic,9.859999657,CC(C)C(=O)C=C(O)C(C)C
basic,9.399999619,CC(C)C(=O)N(Cc1ccccc1-c1ccccc1)[C@H]1CCNC1
basic,10.39999962,CC(C)C(N)C(C)C
acidic,6.5,CC(C)CC1CC(O)=C(C(=O)Nc2ccc(C3CCCCC3)cc2)C(=O)N1
acidic,4.840000153,CC(C)CCC(=O)O
basic,10.27999973,CC(C)CCCC(C)N
basic,9.43500042,CC(C)CCCN(C)CCCNC(=O)CN=O
acidic,4.849999905,CC(C)CCOc1ccccc1/C=C/C(=O)O
basic,8.430000305,CC(C)CCSC(=N)c1ccccc1
basic,9.199999809,CC(C)CNC(=O)[C@H]1C[C@@](F)(c2ccc(CN3CCCC3)c(F)c2)C1
basic,8.729999542,CC(C)CSCCN
basic,8.770000458,CC(C)C[C@@H](C(=O)NCC#N)c1cccc(-c2ccc(N3CCNCC3)cc2)c1
basic,9.600000381,CC(C)C[C@H](N)C(=O)NCCCS(=O)(=O)Oc1ccc(Cl)cc1
basic,11.34000015,CC(C)CN[C@H](c1ccccc1)[C@H](O)c1ccccc1
acidic,5.205714226,CC(C)Cc1ccc(C(C)C(=O)O)cc1
basic,5.28000021,CC(C)N(/C=N\c1ccn(C2CCC(CO)O2)c(=O)n1)C(C)C
basic,3.5,CC(C)N(Cc1cnc[nH]1)c1ccc(Cl)cc1
basic,6.190000057,CC(C)N(c1ccccc1)C(C)C
basic,8.899999619,CC(C)N=NC1CCN(C)CC1
basic,4.21999979,CC(C)Nc1ncnc2c1cnn2C
acidic,4.570000172,CC(C)Oc1ccc(C(=O)O)cc1
acidic,3.480000019,CC(C)[C@H](C(=O)O)N1C[C@H](NC(=O)Cc2ccccc2)C1=O
basic,11.85999966,CC(C)N(C(C)C)C(C)C
basic,10.02000046,CC(C)N(CCc1ccccc1)CCc1ccccc1
basic,8.31000042,CC(C)N1C2CCCC21
basic,9.399999619,CC(C)N1CCC(C(=O)Nc2cccc(OCc3ccc(F)cc3)c2)CC1
basic,9.699999809,CC(C)N1CCC(Oc2ccc3[nH]c(C(=O)N4CCCCCC4)cc3c2)CC1
basic,10.96000004,CC(C)N1CCCCC1
basic,9.555000305,CC(C)NCC(O)COc1ccc(CC(N)=O)cc1
acidic,6.53000021,CC(C)c1cc(=O)c(O)ccc1Br
basic,6.019999981,CC(C)c1cc(Nc2cccc(Cl)c2)ncc1C(=O)NCc1ccc(F)cc1
basic,10.48999977,CC(C)c1ccc(CCCN(C)C)cc1
acidic,3.640000105,CC(C)c1ccccc1C(=O)O
basic,5.71999979,CC(C)c1cccnc1
acidic,4.40500021,CC(C)n1c(/C=C/C(O)CC(O)CC(=O)O)c(-c2ccc(F)cc2)c2ccccc21
basic,6.699999809,CC(C)n1c(N)nc2ccc(/C(=C\C(N)=O)c3cccc(F)c3F)cc21
acidic,5.010000229,CC(C1CC1C(=O)O)C1CC[C@H]2[C@@H]3[C@@H](O)CC4C[C@H](O)CCC4(C)[C@H]3CCC12C
basic,7.960000038,CC(C=C(c1cccs1)c1cccs1)N1CCCCCC1
basic,7.519999981,CC(C=C(c1cccs1)c1cccs1)N1CCCCCCC1
basic,8.619999886,CC(CC(O)(c1ccccc1)c1ccccc1)N1CCCCC1
basic,7.900000095,CC(CN(C)C)C(C#N)(c1ccccc1)c1ccccc1
acidic,2.880000114,CC(Cl)C(=O)O
basic,8.539999962,CC(Cl)CN
basic,6.989999771,CC(N)=Nc1nsc2ccccc12
basic,8.300000191,CC(=Nc1ccccc1)Nc1ccccc1
acidic,10.0,CC(O)=CC(=O)Nc1cccc(C)c1
acidic,3.75999999,CC(O)C(=O)O
acidic,4.300000191,CC(O)C(C(=O)O)c1ccc(-c2ccccc2)cc1
basic,9.329999924,CC(O)CN(CC(C)O)C(C)C
basic,9.199999809,CC(O)CN(CCO)C(C)(C)C
basic,9.760000229,CC(OCC(O)CNC(C)(C)C)C1CC1
acidic,4.150000095,CC(P)C(=O)O
basic,8.020000458,CC(N)C(N)=O
basic,10.14000034,CC(N)CC1CCCCC1
basic,9.779999733,CC(N)CCc1ccccc1
acidic,2.839999914,CC/C=C/CC(=O)N[C@H]1C(=O)N2[C@H]1SC(C)(C)[C@H]2C(=O)O
acidic,9.399999619,CC/N=C(\N=[N+]=[N-])c1ccccc1O
basic,10.19999981,CC1(C)CCCCN1Cc1ccc2c(c1)OCO2
basic,9.399999619,CC1(C)CCCN(Cc2ccc3c(c2)OCO3)C1
acidic,9.100000381,CC1(C)CCc2cc(O)c(Cl)cc2O1
acidic,10.30000019,CC1(C)CCc2cc(O)ccc2O1
acidic,3.400000095,CC1(C)CCc2cc(S(=O)(=O)N(CC(=O)O)Cc3cccc(-c4ccccc4)c3)ccc2O1
basic,7.900000095,CC1(C)C[C@@H](CN2CCC(F)(CNC(=O)c3cc(Cl)cc(Cl)c3)CC2)CCO1
acidic,4.659999847,CC1(C)N=C(C(O)=CC(=O)C(F)(F)F)C(C)(C)N1O
acidic,2.799999952,CC1(C)S[C@@H]2[C@H](NC(=O)Cc3ccccc3)C(=O)N2[C@H]1C(=O)O
basic,8.100000381,CC1(c2cccc(-c3cncnc3)c2)N=C(N)c2ccccc2O1
basic,8.300000191,CC1(c2cccc(NC(=O)c3ccccn3)c2)CSC(N)=N1
basic,9.800000191,CC1(c2ccccc2)COCC(N)=N1
acidic,6.400000095,CC1(c2ccccc2)Cc2cc(OCCCC(=O)O)c(Cl)c(Cl)c2C1=O
basic,10.57999992,CC12CC3(C)CC(C)(C1)CC(N)(C2)C3
acidic,3.099999905,CC1=C(C)C(C(C)C(=O)O)=CC1=O
basic,8.550000191,CC1=C(CC(C)NCC(O)c2ccc(Cl)cc2)CCC1(C)C
basic,8.840000153,CC1=C(CC(C)NCC(O)c2ccccc2)CCC1(C)C
acidic,5.599999905,CC1=C(O)CC(C)(C)CC1=O
basic,10.31000042,CC1=CSC2=NCCCN12
basic,9.81000042,CC1=CSC2=NCCN12
acidic,7.150000095,CC1=NN(c2ccc(OCCCCC(CO[N+](=O)[O-])O[N+](=O)[O-])cc2)C(=O)C1
acidic,7.090000153,CC1=NN(c2ccc(OCCCOc3no[n+]([O-])c3-c3ccccc3)cc2)C(=O)C1
basic,2.849999905,CC1CC(C(=O)O)=[N+]([O-])C1(C)C
acidic,5.619999886,CC1CC(C)C(O)=CC1=O
acidic,5.099999905,CC1CC(O)=CC(=O)O1
acidic,3.299999952,CC1CCCC(C(=O)O)c2nnnn21
basic,10.97999954,CC1CCCCN1
basic,8.279999733,CC1CCCN(C(C)C=C(c2cccs2)c2cccs2)C1
basic,9.859999657,CC1CCN(C(=O)c2ccc3cc(OCCCN4CCCCC4)ccc3c2)CC1
basic,7.800000191,CC1NC(=NCC(F)F)Nc2c(Cl)ccc(Cl)c21
basic,3.599999905,CC1ONCc2ccccc21
basic,10.5,CC1N=C(N)Nc2ccccc21
basic,8.723333359,CCC(=O)C(CC(C)N(C)C)(c1ccccc1)c1ccccc1
basic,6.889999866,CCC(=O)C(CC(C)N1CCOCC1)(c1ccccc1)c1ccccc1
basic,9.229999542,CCC(=O)C(CCN(C)C)(c1ccccc1)c1ccccc1
basic,8.069999695,CCC(=O)C(c1ccccc1)(c1ccccc1)[C@@H](C)CN(C)C
acidic,8.369999886,CCC(=O)CN=O
basic,9.199999809,CCC(=O)O[C@](Cc1ccccc1)(c1ccccc1)[C@H](C)CN(C)C
acidic,9.050000191,CCC(=O)c1cc(C(C)=O)n[nH]1
basic,9.199999809,CCC(C)(C)NCC(O)COc1ccccc1C(=O)CCc1ccccc1
basic,10.90999985,CCC(C)(N)CC
basic,7.070000172,CCC(C)C(=O)CCN1CCOCC1
basic,11.0,CCC(C)NC(C)C
basic,10.93999958,CCC(C)NC(C)CC
acidic,3.369999886,CCC(CC)C(=O)O[C@H]1O[C@@H](C(=O)O)[C@H](O)[C@@H](O)[C@@H]1O
basic,9.300000191,CCC(CC)Nc1cc(C)nc(Nc2c(C)cc(C)cc2C)c1C
acidic,4.159999847,CCC(O)C(C(=O)O)c1ccc(-c2ccccc2)cc1
acidic,4.079999924,CCC(P)C(=O)O
basic,8.529999733,CCC(N)CCCl
acidic,8.699999809,CCC1(C)NC(=O)c2cc(S(=O)(=O)Nc3ccccc3)ccc2NC1=O
basic,8.399999619,CCC1(c2cccc(-c3cncnc3)c2)N=C(N)c2ccccc2O1
basic,9.779999733,CCC1CCCN1C
basic,8.18999958,CCC1CN1CC
acidic,9.479999542,CCCC(=O)NO
basic,7.889999866,CCCC(C(=O)Nc1c(C)cccc1C)N(CC)CC
acidic,4.099999905,CCCC1(C2CCCC2)Cc2cc(OCCCC(=O)O)c(Cl)c(Cl)c2C1=O
acidic,3.799999952,CCCC12CCC(=O)C=C1c1c(cc(OCC(=O)OC(C)(C)C(=O)O)c(Cl)c1Cl)C2
acidic,4.300000191,CCCC12CCC(=O)C=C1c1c(cc(OCC(=O)O)c(C)c1C)C2
acidic,4.699999809,CCCC12CCC(=O)C=C1c1c(cc(SCC(=O)O)c(Cl)c1Cl)C2
acidic,4.050000191,CCCC12CCC(=O)C=C1c1ccc(OCC(=O)O)cc1C2
acidic,4.400000095,CCCCC1(C2CCCC2)Cc2cc(OCCCC(=O)O)c(Cl)c(Cl)c2C1=O
basic,10.01000023,CCCCC1CCCN1C
basic,10.98999977,CCCCCC(C)NC
acidic,5.599999905,CCCCCCCCC1CCC(=O)N1CCCCCCC(=O)O
acidic,9.050000191,CCCCCCCCCCCCCC(=O)N(O)c1ccccc1
acidic,6.760000229,CCCCCCCCCCCCCCCCCC(=O)OCC1CCP(O)(=S)O1
acidic,5.010000229,CCCCCCCCCCCCCCCCCC(=O)O
basic,5.5,CCCCCCCCCCCCCCCCCc1c2ccccc2nc2ccccc12
basic,10.60999966,CCCCCCCCCCCCCCCCN
basic,10.60999966,CCCCCCCCCCCCCCCN
basic,10.63000011,CCCCCCCCCCCCCN
basic,5.599999905,CCCCCCCCCCCCCc1ccccn1
basic,6.199999809,CCCCCCCCCCCCN(CC(C)O)CC(O)CC
basic,10.61499977,CCCCCCCCCCCCN
acidic,8.090000153,CCCCCCCCCCOC(=O)c1ccc(OS(N)(=O)=O)cc1
acidic,6.699999809,CCCCCCCCCCc1c(-c2ccccc2)[nH]n(-c2ccccc2)c1=O
basic,9.899999619,CCCCCCCCCCn1cc(CCCN[C@H]2[C@H](O)[C@@H](O)[C@H](O)[C@@H](O)[C@@H]2O)nn1
basic,7.099999905,CCCCCCCCCCn1cc(CN[C@H]2[C@H](O)[C@@H](O)[C@H](O)[C@@H](O)[C@@H]2O)nn1
basic,6.599999905,CCCCCCCCCn1ccnc1
basic,8.300000191,CCCCCCCCN(CC(C)O)CC(C)O
acidic,7.5,CCCCCCCCc1c(-c2ccccc2)[nH]n(-c2ccccc2)c1=O
basic,5.090000153,CCCCCCCNc1ccccc1
acidic,9.199999809,CCCCCCCc1c(-c2ccccc2)[nH][nH]c1=O
basic,4.889999866,CCCCCCN(CCCCCC)c1ccccc1
basic,10.68000031,CCCCCCN
acidic,8.600000381,CCCCCCc1c(-c2ccccc2)[nH][nH]c1=O
basic,7.400000095,CCCCCNc1nc2ccccc2n1CCc1ccccc1
acidic,8.470000267,CCCCCOC(=O)c1ccc(OS(N)(=O)=O)cc1
basic,5.829999924,CCCCCn1cc(C(=O)c2cccc3ccccc23)c2ccncc21
acidic,11.0,CCCCNC(=O)NO
basic,9.130000114,CCCCNC(=O)[C@H](C)C[C@H](O)[C@@H](N)C[C@H](Cc1ccc(OC)c(OCCCOC)c1)C(C)C
basic,4.21999979,CCCCNc1ncnc2c1cnn2C
basic,6.099999905,CCCCNc1nnc(-c2ccccc2)cc1C
acidic,8.340000153,CCCCOC(=O)c1ccc(O)cc1
acidic,3.900000095,CCCC[C@@]1(C2CCCC2)Cc2cc(OCC(=O)O)c(Cl)c(Cl)c2C1=O
acidic,4.400000095,CCCC[C@@]1(C2CCCC2)Cc2cc(OCCCC(=O)O)c(Cl)c(Cl)c2C1=O
acidic,3.900000095,CCCC[C@]1(C2CCCC2)Cc2cc(OCC(=O)O)c(Cl)c(Cl)c2C1=O
basic,10.80000019,CCCCNC
basic,11.28999996,CCCCNCCCC
basic,9.979999542,CCCCNCc1ccc(C)cc1
acidic,10.52999973,CCCC[P+](CCCC)(CCCC)C1c2ccccc2-c2ccccc21
basic,4.260000229,CCCCc1ccccc1N
basic,5.309999943,CCCCn1cnc2ccccc21
basic,11.0,CCCN(C1=NCCN1)c1c(Br)cccc1Br
basic,9.600000381,CCCN(CCC)C(=O)c1cccc(C(=O)N[C@@H](Cc2ccccc2)[C@H](O)[C@H]2CCCN2)c1
basic,7.0,CCCN(N)CCC
basic,6.650000095,CCCOC(C(=O)OC1CCN(C)CC1)(c1ccccc1)c1ccccc1
basic,6.860000134,CCCOc1ccc(-c2ccc(-c3ccccc3Cl)n2Cc2cccc(N)n2)cc1
acidic,10.22999954,CCCOc1ccc(O)cc1
basic,7.599999905,CCCOc1noc2c1CNCC2
acidic,8.449999809,CCCSC(N=O)C(=O)c1ccc(Br)cc1
basic,8.829999924,CCCSCCN(CC)CC
basic,7.650000095,CCC[C@@H]1C[C@@H](C(=O)N[C@H]([C@@H](C)O)[C@H]2O[C@H](SC)[C@H](O)[C@@H](O)[C@H]2O)N(C)C1
basic,9.0,CCCN(CC(C)O)CC(O)CC
basic,9.0,CCCN(CC(O)CC)CC(O)CC
basic,8.600000381,CCCN(CCC)CCc1c[nH]c2ccccc12
basic,7.840000153,CCCN1CCN(c2ccc(C(N)=O)cc2)CC1
basic,7.829999924,CCCN1CCN(c2cccc(Cl)c2)CC1
basic,8.140000343,CCCN1CCN(c2ccccc2C(N)=O)CC1
basic,8.779999733,CCCN1C[C@H](CSC)C[C@@H]2c3cccc4[nH]cc(c34)C[C@H]21
basic,10.69999981,CCCN=C1Nc2ccccc2C(C)N1
basic,8.899999619,CCCNC1c2ccccc2C=Cc2ccccc21
basic,8.020000458,CCCc1ncc[nH]1
basic,10.53999996,CCCc1ccc(CCCN(C)C)cc1
basic,5.96999979,CCCc1ccccn1
acidic,8.819999695,CCCc1ncnc2c(O)cccc12
acidic,5.610000134,CCCc1nn[nH]n1
acidic,4.889999866,CCCc1oc2ccccc2c(=O)c1C(=O)c1cc(I)c(O)c(I)c1
basic,7.039999962,CCCn1ccnc1CO
basic,7.300000191,CCN(C)N(CC)CC
basic,6.849999905,CCN(C)NC
basic,6.019999981,CCN(C)c1ccccc1
basic,9.600000381,CCN(CC)C(=O)[C@@]1(c2ccccc2)C[C@H]1CN
basic,9.600000381,CCN(CC)C(=O)[C@]1(c2ccccc2)C[C@H]1CN
acidic,3.950000048,CCN(CC)C(=S)S
basic,6.880000114,CCN(CC)N(C)C
basic,7.139999866,CCN(CC)NC
acidic,2.960000038,CCN(CC)S(=O)(=O)c1ccccc1C(=O)O
basic,6.010000229,CCN(CC)c1ccc(OC)c2nc(-c3c(OC)cc(COC)cc3OC)c(C)cc12
basic,7.400000095,CCN(CCCN1CCc2cc(OC)ccc2C1)S(=O)(=O)c1ccccc1
acidic,3.700000048,CCN(Cc1cc(C(F)(F)F)ccc1-c1cc(CC(=O)O)n2cccnc12)C(=O)C1CC1
basic,7.630000114,CCN(N)CC
basic,9.199999809,CCNC(=O)[C@H]1C[C@@](F)(c2ccc(CN3CCCC3)c(F)c2)C1
acidic,11.52000046,CCNC(=S)OC(C)C
basic,6.579999924,CCNN(C)C
basic,6.809999943,CCNN(C)CC
basic,4.485000134,CCNc1cc(-c2nc(N)n[nH]2)ccn1
basic,5.289999962,CCNc1ccccc1
basic,4.239999771,CCNc1ncnc2c1cnn2C
acidic,6.119999886,CCNc1nn[nH]n1
acidic,11.81000042,CCOC(=O)C(Cc1ccccc1)=C(C)O
basic,7.710000038,CCOC(=O)C(N)CC
basic,9.125,CCOC(=O)C1(c2ccccc2)CCN(C)CC1
basic,7.429999828,CCOC(=O)C1(c2ccccc2)CCN(CCF)CC1
basic,7.480000019,CCOC(=O)C1C2c3ccccc3C(c3ccccc32)C1N(C)C
basic,7.659999847,CCOC(=O)CC(c1ccccc1)N(C)C
basic,8.319999695,CCOC(=O)C[C@H](N)c1ccccc1
basic,7.309999943,CCOC(=O)N1CCN(C)CC1
basic,3.400000095,CCOC(=O)N1CCN(Cc2nc(-c3cccc(Cl)c3)no2)CC1
basic,8.899999619,CCOC(=O)[C@@H](N)CCC(=O)NCCSC(=O)C(C)(C)C
basic,8.850000381,CCOC(=O)[C@@H](N)CCC(=O)NCCSC(=O)c1ccccc1
acidic,5.380000114,CCOC(=O)c1c(O)nnn1Cc1ccccc1
acidic,4.599999905,CCOC(=O)c1cc(C#N)c(N2CCC(C(=O)NS(=O)(=O)Cc3ccccc3)CC2)nc1C
basic,9.579999924,CCOC(=O)c1ccc(CCN)cc1
acidic,8.220000267,CCOC(=O)c1ccc(OS(N)(=O)=O)cc1
acidic,5.139999866,CCOC(=O)c1nn(C)[nH]c1=O
basic,4.989999771,CCOCCNc1ccc(OC)cc1
basic,4.0,CCOP(=O)(CN1CCOCC1)OCC
acidic,7.349999905,CCOc1cc(C)nc(-n2[nH]c(C)cc2=O)n1
basic,7.550000191,CCOc1cc(CN2CCC(Nc3nc4cc(S(=O)(=O)CC)ccc4o3)CC2)cc(OC2CCOCC2)c1
basic,8.100000381,CCOc1cc(CN2CCC(Nc3nc4cc(S(=O)(=O)CC)ccc4o3)CC2)ccc1OC
basic,9.819999695,CCOc1ccc(-c2ccc(CCCN(C)C)cc2)cc1
basic,9.239999771,CCOc1ccc(/N=C/N(C)C)cc1
acidic,4.539999962,CCOc1ccc(C(=O)O)c(C)c1
basic,6.570000172,CCOc1ccc(NC(=O)c2cn3c(C)c(C)nc3c3c2CCC(c2ccccc2)O3)cc1
basic,9.5,CCOc1ccc2nc(/C=C/c3ccccc3)cc(N)c2c1
acidic,2.700000048,CCOc1ccc2ccccc2c1C(=O)N[C@@H]1C(=O)N2[C@@H](C(=O)O)C(C)(C)S[C@H]12
basic,6.170000076,CCOc1ccc2nc(C(C)C)[nH]c2c1
basic,6.21999979,CCOc1ccc2nc(C)[nH]c2c1
basic,6.269999981,CCOc1ccc2nc(CC)[nH]c2c1
basic,8.869999886,CCOc1cccc(/N=C/N(C)C)c1
acidic,3.730000019,CCOc1cccc(C(=O)O)c1C
acidic,4.260000229,CC[C@@H](C(=O)O)[C@@]1(O)C[C@H]2CC[C@@H]1C2
basic,9.399999619,CC[C@H](C)Nc1cc(C(=O)N[C@@H](Cc2ccccc2)[C@H](O)[C@H]2CCCN2)cc(S(C)(=O)=O)n1
acidic,3.799999952,CC[C@H](NC(=O)c1cc(F)ccc1NS(=O)(=O)c1ccc(Cl)cc1)c1ccccc1
basic,8.789999962,CC[C@H]1OC(=O)C[C@@H](O)[C@H](C)[C@@H](O[C@@H]2O[C@H](C)C[C@H](N(C)C)[C@H]2O)[C@@H](CC=O)C[C@@H](C)C(=O)/C=C\[C@]2(C)O[C@H]2[C@@H]1C
acidic,7.300000191,CC[C@]1(C)NC(=O)c2cc(S(=O)(=O)Nc3ccc(F)cc3F)ccc2NC1=O
acidic,7.900000095,CC[C@]1(C)NC(=O)c2cc(S(=O)(=O)Nc3ccc(OC(F)F)cc3)ccc2NC1=O
basic,11.43999958,CCN(C(C)C)C(C)C
basic,10.125,CCN(C)C
basic,8.899999619,CCN(CC)C(C)C=C(c1cccs1)c1cccs1
basic,8.210000038,CCN(CC)CC(=O)NC1CCCCC1
basic,9.770000458,CCN(CC)CC(O)CO
basic,7.0,CCN(CC)CCBr
basic,9.289999962,CCN(CC)CCCC#N
basic,10.22999954,CCN(CC)CCN1C(=O)Nc2ccccc2C1c1ccccc1
basic,9.300000191,CCN(CC)CCNc1nc2c(=O)c3ccccc3[nH]c2s1
basic,10.84000015,CCN(CC)CCOc1ccc(C(=O)N2C/C(=C\c3ccccc3)C(=O)/C(=C/c3ccccc3)C2)cc1
basic,7.909999847,CCN1CC1
basic,7.0,CCN1CCc2onc(OC)c2C1
basic,11.02999973,CCNC(C)C
basic,9.75,CCNCc1ccccc1
basic,9.800000191,CCc1[nH]c2cc(F)ccc2c1C1CCN(CCCSc2ccc(F)cc2)CC1
acidic,7.800000191,CCc1c(-c2ccccc2)[nH][nH]c1=O
acidic,10.85000038,CCc1c(O)ccc(C(C)C)c1C
basic,2.589999914,CCc1cc(/N=N/c2ccc(N(C)C)cc2)ccc1C
acidic,4.190000057,CCc1cc(C(=O)O)cs1
acidic,10.90999985,CCc1cc(C(C)C)c(O)cc1C
acidic,3.380000114,CCc1ccc(C(=O)/C=C/C(=O)O)cc1
acidic,10.60999966,CCc1ccc(C(C)C)cc1O
basic,4.170000076,CCc1ccc(C)nn1
basic,9.899999619,CCc1ccc(CCCCN(C)C)cc1
basic,5.800000191,CCc1ccc2c(c1)[C@@H](NC[C@@H](O)[C@H](Cc1cc(F)cc(F)c1)NC(C)=O)CS(=O)(=O)C2
acidic,4.699999809,CCc1cccc2c3c([nH]c12)C(CC)(CC(=O)O)OCC3
basic,5.440000057,CCc1ccnc2c1ccc1cccnc12
acidic,6.579999924,CCc1cnc(C(=O)O)cc1CC
basic,6.199999809,CCc1nc2ccccc2[nH]1
acidic,5.590000153,CCc1nn[nH]n1
acidic,8.5,CCc1oc2ccccc2c1C(=O)c1cc(C)c(O)c(C)c1
basic,4.0,CCn1c(C)c(C)c2cc(-n3ccccc3=O)nc(NCc3c(C)cccc3C)c21
basic,7.300000191,CCn1cc([C@]2(c3cccc(NC(=O)c4ccc(Cl)cn4)c3)N=C(N)c3c(F)cccc32)cc(C)c1=O
acidic,3.450000048,CCn1nnc(CC(=O)O)n1
basic,7.5,CN(C(=O)N1CC(c2cc(F)ccc2F)=C[C@@]1(CO)c1ccccc1)C1CCN(C2CC2)CC1
basic,6.599999905,CN1CC[C@H](N(C)C(=O)N2CC(c3cc(F)ccc3F)=C[C@@]2(CO)c2ccccc2)[C@@H](F)C1
basic,8.460000038,CN(C)/C=N/c1ccc(Cl)cc1
basic,7.96999979,CN(C)/C=N/c1cccc(Cl)c1
basic,6.849999905,CN(C)/C=N/c1ccccc1Cl
acidic,4.800000191,CN(C)C(=O)Cn1c(-c2ccccc2)c(C2CCCCC2)c2ccc(-c3noc(=O)[nH]3)cc21
acidic,3.00999999,CN(C)C(=O)OCC(=O)O
acidic,3.339999914,CN(C)C(=S)SCC(=O)O
basic,3.900000095,CN(C)c1cc[n+]([O-])cc1
basic,4.25,CN(C)c1ccc(Br)cc1
basic,7.309999943,CN(C)c1ccc2cc3c(ccc4ccccc43)nc2c1
basic,2.970000029,CN(C)c1cccc(C#N)c1
basic,4.889999866,CN(C)c1ncc(-c2ccccc2)s1
basic,8.579999924,CN(C)c1noc(C2=CCCNC2)n1
basic,4.239999771,CN(CCC#N)CCC#N
acidic,9.93999958,CN(O)C(=O)C(C)(C)C
basic,6.96999979,CN(c1ccccc1Nc1c2ccccc2nc2ccccc12)S(C)(=O)=O
acidic,10.80000019,CN1C(=O)C(C)(C)NC1=S
basic,7.300000191,CN1C(=O)C(C)(c2cccc(NC(=O)c3ccc(Cl)cn3)c2)N=C1N
basic,7.599999905,CN1CC(C)(c2cccc(NC(=O)c3ccc(Cl)cn3)c2)N=C(N)C1=O
basic,5.699999809,CN1CC=CCN1C
basic,6.699999809,CNC(=O)/C=C(\c1ccc2nc(N)n(C3CCCC3)c2c1)c1ccccc1F
basic,7.900000095,CNC(=O)Oc1ccc2c(c1)[C@]1(C)CCN(C)[C@@H]1N2C
basic,9.0,CNC(=S)N(C)CCNc1c2ccccc2nc2ccccc12
basic,6.0,CNCC(F)(F)F
basic,7.869999886,CNN
basic,5.199999809,CNNC
basic,4.75,CNOC
acidic,8.859999657,CNS(=O)(=O)Nc1cccc(Cc2c(C)c3ccc(Oc4ncccn4)cc3oc2=O)c1F
basic,5.929999828,CNc1ccc(OC)cc1
basic,4.800000191,CNc1ccccc1
basic,7.130000114,CNc1ccccn1
basic,5.360000134,CNc1nccn2cc(-c3ccc([S+](C)[O-])cc3OC)nc12
basic,7.650000095,CO/N=C(\C#N)C1=CCCN(C)C1
basic,8.600000381,CO/N=C(\C#N)C1=CCCNC1
basic,8.899999619,COC(=O)C(N)CCCCNC(=O)OC(C)(C)C
basic,7.0,COC(=O)C(N)Cc1ccccc1
basic,8.699999809,COC(=O)C1=CCCNC1
basic,8.449999809,COC(=O)C1CCCN(C)C1
acidic,10.60000038,COC(=O)C=C(C)O
acidic,10.80000019,COC(=O)CC1c2ccc(Cl)cc2NC(=O)C1S(=O)(=O)c1ccccc1
acidic,7.300000191,COC(=O)N1CCc2c(s[nH]c2=O)C1
basic,7.239999771,COC(=O)Nc1ccccc1Nc1c2ccccc2nc2ccccc12
acidic,8.0,COC(=O)[C@H](NC(=O)Cc1ccccc1)[C@@H]1SC(C)(C)[C@H]2C(=O)NC(=S)N12
acidic,8.279999733,COC(=O)c1ccc(OS(N)(=O)=O)cc1
basic,9.720000267,COC(=N)N
basic,9.569999695,COC1CCN(C(=O)c2ccc3cc(OCCCN4CCCCC4)ccc3c2)CC1
acidic,8.100000381,COCC(=O)OCCCS(=O)(=O)c1ccc(S(N)(=O)=O)s1
acidic,4.590000153,COCC1=C(C(=O)O)C2C=CC1C2
acidic,4.309999943,COCC1=C(C(=O)O)CC1
acidic,4.5,COCC1=C(C(=O)O)CCC1
basic,7.5,COCC1CC(C(=O)NC[C@H]2CCCO2)CN(Cc2nc(N3CCOCC3)oc2C)C1
basic,9.920000076,COCCCN
basic,7.21999979,COCCNC(=O)c1cn2c(C)c(C)nc2c2c1CCC(c1ccccc1)C2
basic,3.700000048,COCCNc1cccc(OC)c1
basic,9.0,CO[C@@H]1[C@@H](OC(=O)c2ccc(C)[nH]2)[C@@H](O)[C@H](Oc2ccc3c(N4CCC(N(C)C)CC4)cc(=O)oc3c2C)OC1(C)C
acidic,9.600000381,CO[C@H]1C(=O)N2C(C(=O)c3ccccc3)=C(C)CS(=O)(=O)[C@H]12
acidic,4.760000229,CO[C@H]1C[C@H]1C(=O)O
acidic,3.549999952,CO[C@H]1O[C@H](C(=O)O)[C@H](O)[C@H](O)[C@H]1O
basic,4.75,COc1c(C)ncc(CO)c1C=O
acidic,3.5,COc1c(CC=C(C)C)c(O)c(C(=O)O)c(CCc2ccccc2)c1CC=C(C)C
basic,5.0,COc1cc(-c2cccc(Cl)c2)ncc1C1CCCN1C(=O)c1cncs1
basic,5.579999924,COc1cc(-n2cncc2-c2ccc3ccccc3c2)cc(OC)c1OC
basic,8.840000153,COc1cc(Br)cc(C(=O)N[C@H]2C[C@@H]3CC[C@H](C2)N3Cc2ccccc2)c1OC
basic,9.020000458,COc1cc(C(=O)N[C@@H]2CCC[C@@H]3CCN(C)C[C@@H]32)cc(OC)c1OC
acidic,4.130000114,COc1cc(C(=O)O)ccc1C
basic,4.199999809,COc1cc(C(C#N)N2CCCC2)cc(OC)c1OC
acidic,4.199999809,COc1cc(C)c(C(=O)O)cc1-c1ccc(C#CCO)s1
acidic,4.800000191,COc1cc(C)c(S(=O)(=O)NC(C)=O)cc1-c1ccc(C#CCO)s1
acidic,9.789999962,COc1cc(CO)ccc1O
acidic,4.5,COc1cc(NS(=O)(=O)C(F)(F)F)cc(OC)c1Oc1ccc(C#N)c(Cl)c1
acidic,5.980000019,COc1cc(NS(=O)(=O)c2ccc(N)cc2)nc(OC)n1
basic,10.14999962,COc1cc(OC)c(NC2=NCCN2)cc1Cl
acidic,9.600000381,COc1cc2c(cc1O)CC[n+]1cc3c(OC)c(OC)ccc3cc1-2
basic,5.0,COc1cc2c(cc1OC)-c1c(-c3cncs3)nc(C)n1CC2
basic,4.300000191,COc1cc2c(cc1OC)-c1c(-c3cncs3)ncn1CC2
basic,8.090000153,COc1cc2c(cc1OC)C(=O)Cc1ccc3c(c1CN(C)CC2)OCO3
basic,11.10000038,COc1cc2c(cc1OC)NC(N)=NC2
basic,7.300000191,COc1cc2c(cc1OC)NCC2
acidic,6.5,COc1cc2ccc(=O)oc2cc1O
basic,6.699999809,COc1cc2nc(N3CCN(C(=O)C4COc5ccccc5O4)CC3)nc(N)c2cc1OC
acidic,3.309999943,COc1ccc(-c2cc(C(=O)O)[nH]n2)cc1
acidic,7.690000057,COc1ccc(-c2nc3nc(SC)nnc3[nH]2)c(OC)c1
basic,9.300000191,COc1ccc(-c2nnc(C(=O)N3CC(Oc4ccc(CN(C)C)c(C)c4)C3)o2)cc1
basic,8.600000381,COc1ccc(-c2nnc(C(=O)N3CC(Oc4ccc(CN(C)C)c(F)c4)C3)o2)cc1
basic,8.0,COc1ccc(-c2nnc(C(=O)N3CC(Oc4ccc(CN(C)CC5(C)COC5)cc4)C3)o2)cc1
basic,9.0,COc1ccc(-c2nnc(C(=O)N3CC(Oc4ccc(CN5CCC(C)(O)C5)cc4)C3)o2)cc1
basic,9.899999619,COc1ccc(-c2nnc(C(=O)N3CC(Oc4ccc(CN5CCCC5)cc4)C3)o2)cc1
basic,4.53000021,COc1ccc(/N=N/c2ccncc2)cc1
acidic,4.539999962,COc1ccc(C(=O)O)c(C)c1
acidic,4.449999809,COc1ccc(C(=O)O)cc1
acidic,10.94999981,COc1ccc(C(=S)Nc2ccc(Br)cc2)cc1
acidic,11.27000046,COc1ccc(C(=S)Nc2ccccc2)cc1
basic,4.630000114,COc1ccc(C(CCC(N)C(F)(F)F)(c2ccccc2)c2ccc(C)cc2)cc1
basic,9.67142868,COc1ccc(C(CN(C)C)C2(O)CCCCC2)cc1
basic,9.020000458,COc1ccc(C(O)CN)cc1
basic,5.300000191,COc1ccc(C2(c3cccc(-c4cncnc4)c3)N=C(N)C(C(C)C)=N2)cc1
basic,8.899999619,COc1ccc(C2CCCN2C)cc1
basic,8.739999771,COc1ccc(C=O)cc1C(=O)N[C@H]1C[C@@H]2CC[C@H](C1)N2Cc1ccccc1
acidic,4.360000134,COc1ccc(CC(=O)O)cc1
basic,9.529999733,COc1ccc(CC(C)N)cc1
basic,8.659999847,COc1ccc(CCN(C)CCC[C@](C#N)(c2ccc(OC)c(OC)c2)C(C)C)cc1OC
basic,9.869999886,COc1ccc(CCNCCCC(C#N)(c2ccc(OC)c(OC)c2)C(C)C)cc1OC
acidic,7.349999905,COc1ccc(Cc2cc(=O)c3ccc(O)cc3o2)cc1
basic,4.130000114,COc1ccc(Cl)c2cccnc12
acidic,6.0,COc1ccc(Cn2cc(C(=O)O)c(=O)c3c(F)ccc(F)c32)cc1
basic,7.510000229,COc1ccc(N2CCN(CCCCNC(=O)c3ccc4nonc4c3)CC2)cc1
basic,7.900000095,COc1ccc(NC(=O)C2=CCCN(C)C2)cc1Nc1ncc(Cl)c(-c2cnn3ccccc23)n1
acidic,10.19999981,COc1ccc(NC(=O)NO)cc1
acidic,11.35999966,COc1ccc(NC(=S)c2ccccc2)cc1
acidic,11.73999977,COc1ccc(NC=S)cc1
acidic,8.880000114,COc1ccc(NS(=O)(=O)c2ccccc2)cc1
acidic,10.23999977,COc1ccc(O)cc1
basic,9.600000381,COc1ccc(OC(=O)NCCCN)cc1
acidic,10.21000004,COc1ccc(OC(=O)Nc2cc(Cl)ccc2O)cc1
acidic,11.52999973,COc1ccc(S(=O)(=O)NCc2ccccc2)cc1
acidic,9.18999958,COc1ccc(S(=O)(=O)Nc2ccc(Cl)cc2)cc1
acidic,9.930000305,COc1ccc(S(N)(=O)=O)cc1
basic,7.5,COc1ccc([C@@]2(F)C[C@@H]2N)cc1
basic,7.400000095,COc1ccc([C@@]2(F)C[C@@H]2N)cc1OC
basic,8.100000381,COc1ccc(N=C(N)c2cccs2)cc1CSC1CCCC1
basic,7.090000153,COc1ccc2[nH]c3c(C)nccc3c2c1
basic,2.150000095,COc1ccc2c(c1)C(O)N(C)C=C2
basic,6.199999809,COc1ccc2c(c1)CC(C)N2
basic,8.81499958,COc1ccc2c3c1O[C@H]1C(=O)CC[C@@]4(O)[C@@H](C2)N(C)CC[C@]314
basic,8.050000191,COc1ccc2c3c1O[C@H]1C(=O)CC[C@H]4[C@@H](C2)N(C)CC[C@]314
basic,8.829999924,COc1ccc2c3c1O[C@H]1CCC[C@H]4[C@@H](C2)N(C)CC[C@]314
basic,9.229999542,COc1ccc2c3c1O[C@H]1[C@@H](O)C=C[C@H]4[C@@H](C2)NCC[C@]314
basic,7.119999886,COc1ccc2c3c1O[C@H]1[C@@H](O)C=C[C@H]4[C@@H]([C@H]2O)N(C)CC[C@@]341
basic,8.710000038,COc1ccc2c3c1O[C@H]1[C@@H](O)CC[C@H]4[C@@H](C2)N(C)CC[C@]314
acidic,4.570000172,COc1ccc2cc(C(C)C(=O)O)ccc2c1
acidic,4.171249866,COc1ccc2cc([C@H](C)C(=O)O)ccc2c1
basic,9.800000191,COc1cccc(-c2cccc(C3(C)COCC(N)=N3)c2)c1
basic,6.5,COc1cccc(-c2cccc(C3(C)N=C(C)C(N)=N3)c2)c1
basic,7.099999905,COc1cccc(C(=O)CCN2CCOCC2)c1
basic,6.239999771,COc1cccc(C(=O)NCCN2CCN(c3noc4ccccc34)CC2)c1
acidic,3.720000029,COc1cccc(C(=O)O)c1C
basic,7.210000038,COc1cccc(Nc2c3ccccc3nc3ccccc23)c1
acidic,7.239999771,COc1cccc(O)c(=O)c1
basic,8.680000305,COc1cccc2c1CN(C1CC3CCC(C1)N3Cc1ccccc1)C2=O
acidic,6.760000229,COc1cccc2c1c(NS(=O)(=O)c1ccc(Cl)c(Cl)c1)nn2Cc1cccc(CNC(=O)C(C)(C)O)c1
acidic,6.539999962,COc1cccc2c1c(NS(=O)(=O)c1ccc(Cl)s1)nn2Cc1cccc(CNC(=O)C(C)(C)O)c1
basic,5.690000057,COc1cccc2ccc(C)nc12
basic,8.109999657,COc1ccccc1/N=C/N(C)C
basic,7.610000134,COc1ccccc1N1CCN(CCCn2c(C)cn3c4c(=O)n(C)c(=O)n(C)c4nc23)CC1
basic,8.635000229,COc1ccccc1OCCNCC(O)COc1cccc2[nH]c3ccccc3c12
basic,3.200000048,COc1ccccn1
acidic,7.639999866,COc1nc(-n2[nH]c(C)cc2=O)nc(C)c1C
acidic,8.399999619,COc1nc(C)cc(=O)[nH]1
acidic,10.0,COc1nc(N)c2[nH]cnc2n1
basic,3.130000114,COc1ncnc2ccccc12
basic,6.0,COc1noc2c1CN(Cc1ccccc1)CC2
acidic,4.199999809,CS(=O)(=O)NC(=O)Nc1ccc(C(F)(F)F)cc1
acidic,10.25,CS(=O)(=O)c1ccc(S(=O)(=O)NCc2ccccc2)cc1
acidic,2.980000019,CSC(=S)N(C)CC(=O)O
basic,7.139999866,CSC(N)=Nc1ccccc1
basic,2.450000048,CSc1ccc(N)c(I)c1
basic,3.440000057,CSc1ccc(N)cc1I
basic,4.75,CSc1ccc2ncccc2c1
basic,4.5,CSc1cccc2ncccc12
acidic,3.890000105,CSc1ccccc1C(=O)O
basic,5.96999979,CSc1ccncc1
acidic,4.0,C[C@@H](C(=O)O)c1ccc(OS(=O)(=O)C(F)(F)F)cc1
acidic,5.039999962,C[C@@H]1CCCC[C@@H]1C(=O)O
acidic,6.5,C[C@@](Cc1c[nH]c2ccccc12)(NC(=O)OC1C2CC3CC(C2)CC1C3)C(=O)NC[C@@H](NC(=O)Cc1cc(=O)[nH]o1)c1ccccc1
basic,7.300000191,C[C@@]1(c2cc(NC(=O)c3ccc(C#N)cn3)ccc2F)C[C@H](C(F)(F)F)OC(N)=N1
basic,10.89999962,C[C@@]1(c2cc(NC(=O)c3ccc(Cl)cn3)ccc2F)CCOCC(N)=N1
basic,8.300000191,C[C@@]1(c2cccc(NC(=O)c3ccc(Cl)cn3)c2)COC(N)=N1
basic,9.050000191,C[C@H](CCCNCc1ccccc1)[C@H]1CC[C@H]2[C@@H]3[C@@H](O)C[C@@H]4C[C@H](O)CC[C@]4(C)[C@H]3CC[C@@]21C
acidic,7.0,C[C@H](CO)Nc1nc(SCc2ccccc2)nc2[nH]c(=O)sc12
acidic,5.039999962,C[C@H]([C@H]1C[C@H]1C(=O)O)[C@H]1CC[C@H]2[C@@H]3[C@@H](O)CC4C[C@H](O)CC[C@]4(C)[C@H]3CC[C@@]21C
basic,10.64999962,C[C@H]1CCC[C@@H](C)N1CC(C)(C)O
acidic,5.039999962,C[C@H]1CC[C@@H](C(=O)O)CC1
acidic,4.690000057,C[C@H]1CC[C@@H](C)[C@@H]1C(=O)O
acidic,5.400000095,C[C@H]1CC[C@@H](C)[C@H]1C(=O)O
basic,11.47999954,C[C@H]1CC[C@@H]2CC[C@@H](C)N12
basic,8.739999771,C[C@H]1CN(C(=O)[C@@H]2CN(C(C)(C)C)C[C@H]2c2ccc(F)cc2F)C[C@@H](C)[C@]1(O)c1ccc(F)cc1
basic,10.10000038,C[C@H]1C[C@@H]2CCC[C@@H]2N1C
basic,9.130000114,C[C@H]1C[C@]23[C@H]4CCCN2CCC[C@@H]3[C@@H](C[C@@H]4O)C1=O
acidic,3.900000095,C[C@]1(C2CCCC2)Cc2cc(OCC(=O)O)c(Cl)c(Cl)c2C1=O
basic,9.489999771,C[C@]1(O)CCCC[C@@H]1N
basic,5.800000191,C[C@]1(c2cc(NC(=O)c3ccc(C#N)cn3)ccc2F)N=C(N)OCC1(F)F
basic,7.900000095,C[C@]1(c2cc(NC(=O)c3ccc(Cl)cn3)ccc2F)N=C(N)CO[C@@H]1F
basic,6.300000191,C[C@]1(c2cc(NC(=O)c3ccc(Cl)cn3)ccc2F)N=C(N)OCC1(F)F
basic,7.800000191,C[C@]1(c2cc(NC(=O)c3cnc(Cl)cn3)ccc2F)N=C(N)CO[C@H]1C(F)(F)F
basic,9.699999809,C[C@]1(c2cccc(NC(=O)c3ccc(Cl)cn3)c2)N=C(N)c2ccccc21
acidic,9.800000191,C[N+](C)(C)CCc1ccc(O)cc1
acidic,8.890000343,C[N+](C)(C)Cc1cccc(O)c1
acidic,8.710000038,C[N+](C)(C)Cc1ccccc1O
basic,9.75,CN(C)CC(C)(C)C
basic,6.099999905,CN(C)CC(CSC#N)SC#N
basic,8.840000153,CN(C)CC/C=C1/c2ccccc2Sc2ccc(Cl)cc21
basic,8.039999962,CN(C)CC1=CC2c3ccccc3C1c1ccccc12
basic,9.5,CN(C)CCC(C)(C)Cc1ccc(C(C)(C)C)cc1
basic,9.850000381,CN(C)CCC(c1ccccc1)c1ccc(-c2ccccc2)cc1
basic,9.68999958,CN(C)CCC=C1c2ccccc2C=Cc2ccccc21
basic,10.0,CN(C)CCCCC(=O)Oc1ccccc1
basic,9.585000038,CN(C)CCCCCNC(=O)CN=O
basic,9.470000267,CN(C)CCCCNC(=O)CN=O
basic,9.600000381,CN(C)CCCCc1ccc(C2(O)COC2)cc1
basic,10.61999989,CN(C)CCCc1ccc(Br)cc1
basic,8.640000343,CN(C)CCOC(c1ccccc1)c1ccc(Br)cc1
basic,8.399999619,CN(C)Cc1ccccc1C(=O)N(CCc1ccc(Cl)cc1)C1CCC2(CC1)OCCO2
basic,10.42000008,CN(C)[C@H]1CCCC[C@@H]1O
basic,8.5,CN(C/C=C/C#CC(C)(C)C)Cc1cccc2ccccc12
basic,9.369999886,CN(CCCCCCOc1ccc(C(=O)c2ccc(Br)cc2)cc1)CC1CC1
basic,8.5,CN(Cc1cc(Br)cc(Br)c1N)C1CCCCC1
basic,6.639999866,CN1C2CC(OC(=O)c3c[nH]c4ccccc34)CC1C1OC12
basic,8.340000153,CN1C2CCC1CC(=NOC(c1ccccc1)c1ccc(Cl)cc1)C2
basic,2.700000048,CN1C=C(C#N)CCC1
basic,9.920000076,CN1CC=CC1
basic,8.869999886,CN1CCC(=C2c3ccccc3C=Cc3ccccc32)CC1
basic,8.899999619,CN1CCC(OC(c2ccccc2)c2ccccc2)CC1
basic,9.539999962,CN1CCCC(n2nc(Cc3ccc(Cl)cc3)c3ccccc3c2=O)CC1
basic,7.53000021,CN1CCOCC1
basic,9.180000305,CN1CC[C@H]2CCC[C@@H](NC(=O)c3ccccc3)[C@H]2C1
basic,8.840000153,CN1C[C@H](CO)C[C@H]2c3cccc4[nH]cc(c34)C[C@@H]21
basic,9.761249542,CN1[C@H]2CC[C@@H]1C[C@H](OC(=O)C(CO)c1ccccc1)C2
basic,10.52000046,CNC(C)CC1CCCCC1
basic,9.119999886,CNC(CO)CO
basic,7.494999886,CNC1(c2ccccc2Cl)CCCCC1=O
basic,8.350000381,CNCC(N)=O
basic,9.31000042,CNCC(O)c1ccccc1
basic,10.18000031,CNCC1CC2c3ccccc3C1c1ccccc12
basic,8.199999809,CNCCCC1c2ccccc2C=Cc2ccccc21
basic,10.5,CNCCC[C@]12CC[C@H](c3ccccc31)c1ccccc12
basic,10.57999992,CNCCCc1ccccc1
basic,9.970000267,CNCC[C@H](Oc1cccc2ccccc12)c1cccs1
basic,9.31000042,CNCc1cc(-c2cccc(F)c2)n(S(=O)(=O)c2ccc(C)cc2)c1
basic,9.930000305,CNCc1ccc(C)cc1
basic,9.555000305,CN[C@@H](C)[C@H](O)c1ccccc1
basic,11.08500004,CN[C@]1(C)[C@@H]2CC[C@@H](C2)C1(C)C
acidic,10.60000038,C[n+]1c2ccccc2c(Nc2ccccc2)c2[nH]c3ccccc3c21
acidic,10.97999954,C[n+]1cccc(CC(=O)c2ccccc2)c1
acidic,5.889999866,Cc1[nH]c2ccccc2c1C(=O)O
acidic,4.670000076,Cc1[nH]c2ccccc2c1CC(=O)O
basic,5.800000191,Cc1[nH]c2ccccc2c1CCN(CCC(F)F)Cc1ccc(CCC(=O)N=O)cc1
acidic,5.800000191,Cc1[nH]ccc1C(=O)O
basic,8.430000305,Cc1[nH]ccc2c1[nH]c1cc(=O)ccc12
acidic,10.89999962,Cc1[nH]n(C)c(=O)c1Cc1ccccc1
basic,3.180000067,Cc1[nH]nc2c(N)cccc12
basic,4.0,Cc1[nH]nc2cc(N)ccc12
acidic,3.859999895,Cc1c(-c2ccc(=O)n(Cc3ccccc3)n2)c2cc(Cl)cc(F)c2n1CC(=O)O
acidic,3.829999924,Cc1c(-c2ccc(=O)n(Cc3ccccc3)n2)c2cc(F)cc(S(C)(=O)=O)c2n1CC(=O)O
acidic,4.150000095,Cc1c(-c2ccc(=O)n(Cc3ccccc3)n2)c2ccccc2n1CC(=O)O
basic,7.699999809,Cc1c(-c2noc(-c3ccc(OC(C)C)c(C#N)c3)n2)ccc2c1CCN(C[C@H](O)CO)C2
acidic,4.329999924,Cc1c(C(=O)O)[nH]c2ccccc12
basic,4.139999866,Cc1c(C(=O)c2cccc3ccccc23)c2cccc3c2n1[C@H](CN1CCOCC1)CO3
basic,4.489999771,Cc1c(N)ccc2c1-c1c(ccc3ccccc13)C2
basic,8.699999809,Cc1c(OCCN)no[n+]1[O-]
basic,6.599999905,Cc1c2ccccc2c(CN2CCOCC2)c2ccccc12
basic,8.390000343,Cc1cnc(C)[nH]1
basic,4.099999905,Cc1cc(-c2cccc(Cl)c2)ncc1C1CCCN1C(=O)c1cnccn1
basic,4.840000153,Cc1cc(-c2ccccc2)nn2ccnc12
acidic,9.100000381,Cc1cc(=O)n(-c2ccccc2)[nH]1
acidic,7.599999905,Cc1cc(Br)cc(Br)c1O
acidic,3.769999981,Cc1cc(Br)ccc1C(=O)O
basic,3.579999924,Cc1cc(Br)ccc1N
basic,3.5,Cc1cc(C(=O)N2CCCC2c2ccc(-c3cccc(Cl)c3)nc2)no1
acidic,4.03000021,Cc1cc(C(=O)O)ccc1Br
basic,4.300000191,Cc1cc(C)c(C)c(N)c1C
acidic,11.18000031,Cc1cc(C)c(O)c(C(C)C)c1
basic,10.39999962,Cc1cc(C)c2nc(C)cc(N)c2c1
basic,5.960000038,Cc1cc(C)c2ccc3cccnc3c2n1
basic,3.049999952,Cc1cc(C)c2nc(-c3ccccn3)cc(C(=O)Nc3ccc4ccccc4c3)c2c1
basic,6.820000172,Cc1cc(C)cc(C(=N)c2ccccc2)c1
basic,2.230000019,Cc1cc(C)n(-c2cc(C)[nH]n2)n1
acidic,6.199999809,Cc1cc(C=O)c(O)c(C=O)c1
acidic,4.699999809,Cc1cc(CC(=O)O)n(C)c1C(=O)c1ccc(Cl)cc1
acidic,9.920000076,Cc1cc(CO)c(O)c(CO)c1
basic,10.25,Cc1cc(Cl)cc(C)c1NC1=NCCN1
basic,9.029999733,Cc1cc(Cl)cc(Cl)c1NC1=NCCN1
acidic,3.75,Cc1cc(Cl)ccc1C(=O)O
basic,7.400000095,Cc1cc(Cl)cnc1C(=O)Nc1ccc(F)c([C@@]2(C)N=C(N)CO[C@@H]2F)c1
basic,4.369999886,Cc1cc(N(C)C)cc[n+]1[O-]
basic,9.43999958,Cc1cc(N)c2ccccc2n1
basic,9.43999958,Cc1cc(N)ccn1
basic,6.25,Cc1cc(N)ncn1
basic,10.10000038,Cc1cc(N2CC[C@H](N3CCC[C@@H]3C)C2)ccc1NC(=O)c1cc(C)n(C)n1
basic,4.800000191,Cc1cc(SSc2cc(C)nn2-c2ccccc2)n(-c2ccccc2)n1
basic,7.300000191,Cc1cc2nc(C(=O)N(C)C)cc(NCc3c(C)cccc3C)c2[nH]1
basic,4.409999847,Cc1cc2cccc(C)c2nc1C
basic,5.260000229,Cc1cc2cccnc2c2ncccc12
basic,9.300000191,Cc1cc2nc(N=C(N)N)nc(C)c2cc1C
basic,6.039999962,Cc1cc2nc[nH]c2cc1C
basic,6.0,Cc1cc2ncn(C)c2cc1C
acidic,4.570000172,Cc1cc2nnn(O)c2cc1Cl
basic,6.019999981,Cc1ccc(-c2nc3ccc(C)cn3c2CC(=O)N(C)C)cc1
acidic,3.579999924,Cc1ccc(Br)cc1C(=O)O
acidic,9.43999958,Cc1ccc(C(=O)Oc2ccccc2)c(O)c1
acidic,5.0,Cc1ccc(C(=O)O)[nH]1
acidic,3.420000076,Cc1ccc(C(=O)O)o1
acidic,3.440000057,Cc1ccc(C(=O)c2ccc3n2CCC3C(=O)O)cc1
acidic,10.97000027,Cc1ccc(C(=S)Nc2ccc(F)cc2)cc1
acidic,10.64999962,Cc1ccc(C(C)C)c(O)c1
acidic,4.179999828,Cc1ccc(C(O)C(C(=O)O)c2ccc(C3CCCCC3)cc2)cc1
basic,6.400000095,Cc1ccc(C)nc1
basic,3.99000001,Cc1ccc(C)nn1
basic,5.349999905,Cc1ccc(C2NCCS2)cc1
acidic,4.739999771,Cc1ccc(CCC(=O)O)cc1
acidic,3.119999886,Cc1ccc(Cl)c(C(=O)O)c1
acidic,2.950000048,Cc1ccc(I)c(C(=O)O)c1
basic,5.070000172,Cc1ccc(N)cc1
basic,4.050000191,Cc1ccc(N)cc1Cl
basic,4.690000057,Cc1ccc(N2CCCC2)cc1
basic,7.800000191,Cc1ccc(NC(=O)CN2CCCCC2)c(C)c1
basic,7.849999905,Cc1ccc(NC(=O)CN2CCCCC2)cc1
acidic,3.359999895,Cc1ccc(NC(=O)c2cccc(S(=O)(=O)N3CCOCC3)c2)c(C(=O)O)c1
acidic,10.89000034,Cc1ccc(NC(=S)c2cccc(Br)c2)cc1
basic,10.59000015,Cc1ccc(NC2=NCCN2)c(C)c1
acidic,11.64000034,Cc1ccc(NC=S)cc1
acidic,8.779999733,Cc1ccc(NS(=O)(=O)c2ccc(Cl)cc2)cc1
basic,2.339999914,Cc1ccc(Nc2c(S(=O)(=O)c3ccccc3)cnc3ccc(Cl)cc23)cc1
acidic,10.56000042,Cc1ccc(O)c(C)c1
acidic,8.010000229,Cc1ccc(O)cc1[S+](C)C
basic,9.869999886,Cc1ccc(OC(=O)CCCCN(C)C)cc1
basic,9.529999733,Cc1ccc(OC(=O)CCCN(C)C)cc1
acidic,3.150000095,Cc1ccc(OCC(=O)O)cc1
basic,6.400000095,Cc1ccc(OCCN2CCN(C(=O)c3cccs3)CC2)cc1
basic,7.409999847,Cc1ccc(S(=O)(=O)N2CCNCC2)cc1
acidic,10.14500046,Cc1ccc(S(=O)(=O)NCCC(N)=[NH2+])cc1
acidic,8.670000076,Cc1ccc(S(=O)(=O)c2coc(S(N)(=O)=O)c2)cc1
acidic,8.949999809,Cc1ccc(S(=O)(=O)c2csc(S(N)(=O)=O)c2)cc1
basic,5.0,Cc1ccc2c(c1)CCN2
basic,4.320000172,Cc1ccc2c(c1)ncn2[C@H]1O[C@@H](CO)[C@H](O)[C@@H](O)[C@@H]1O
acidic,9.755000114,Cc1ccc2c(c1O)-c1c-2ccc(C)c1O
basic,4.230000019,Cc1ccc2ccn3ccnc3c2n1
acidic,8.899999619,Cc1ccc2n[nH]nc2c1
basic,5.849999905,Cc1ccc2nc(C)ccc2c1
basic,4.5,Cc1ccc2nc3ccc(C)cc3cc2c1
acidic,4.150000095,Cc1cccc(-c2nn[nH]n2)c1
acidic,4.28000021,Cc1cccc(C(=O)O)c1
acidic,2.900000095,Cc1cccc(C(=O)O)c1Br
basic,7.710000038,Cc1cccc(C)c1C(=N)c1ccccc1
basic,6.019999981,Cc1cccc(C)c1CNc1cc(C(=O)N(C)C)nc2c(Br)c(C)[nH]c12
basic,7.360000134,Cc1cccc(C)c1NC(=O)CN(C)C
basic,7.420000076,Cc1cccc(C)c1NC(=O)CN
acidic,10.78999996,Cc1cccc(C)c1NC(=S)c1ccccc1
basic,10.52000046,Cc1cccc(C)c1NC1=NCCN1
acidic,3.359999895,Cc1cccc(C)c1OCC(=O)O
basic,9.199999809,Cc1cccc(C)c1OC[C@@H](C)N
acidic,8.699999809,Cc1cccc(Cl)c1O
basic,4.559999943,Cc1cccc(N)c1C
acidic,8.479999542,Cc1cccc(NS(=O)(=O)c2ccccc2)c1
acidic,8.630000114,Cc1cccc(O)c1C(=O)Oc1ccccc1
acidic,3.180000067,Cc1cccc(OCC(=O)O)c1
basic,5.269999981,Cc1cccc(Oc2cc(NCc3ccccc3)nc(N)n2)c1
basic,10.39999962,Cc1cccc(S(=O)(=O)N2CCC[C@@H]2CCN2CCC(C)CC2)c1
acidic,9.550000191,Cc1cccc([P+](c2cccc(C)c2)(c2cccc(C)c2)C2c3ccccc3-c3ccccc32)c1
basic,5.670000076,Cc1cccc2[nH]cnc12
basic,4.5,Cc1cccc2cc3ccccc3nc12
basic,10.0,Cc1ccccc1-c1nc2cn(-c3ccc(Cl)cc3)nc2c(=O)n1CC1CCCN(C(C)C)C1
acidic,4.090000153,Cc1ccccc1-c1nn[nH]n1
basic,4.590000153,Cc1ccccc1/C=C/c1ccc(N(C)C)cc1
acidic,3.920000076,Cc1ccccc1C(=O)O
acidic,4.190000057,Cc1ccccc1C(O)C(C(=O)O)c1ccc(-c2ccccc2)cc1
basic,8.710000038,Cc1ccccc1CN(C)C
basic,4.449999809,Cc1ccccc1N
basic,9.670000076,Cc1ccccc1N=C(N)Nc1ccccc1C
acidic,10.26000023,Cc1ccccc1O
acidic,3.170000076,Cc1ccccc1OCC(=O)O
basic,7.900000095,Cc1ccccc1OCC(O)CNCCOc1ccc(C(N)=O)cc1
basic,5.28000021,Cc1ccccc1[C@@H]1CCc2c(C(=O)N(C)C)cc3c(nc(C4CC4)n3C)c2O1
basic,7.239999771,Cc1cccnc1N
basic,3.460000038,Cc1cccnn1
basic,3.660000086,Cc1ccn[nH]1
basic,5.320000172,Cc1ccnc(-c2cc(C)ccn2)c1
basic,4.199999809,Cc1ccnc(N)n1
basic,6.599999905,Cc1ccnc(N2CCc3ccccc3C2)c1
acidic,5.369999886,Cc1ccnc(NS(=O)(=O)c2ccc(Cl)cc2)n1
basic,5.940000057,Cc1ccnc2c1ccc1c(C)ccnc12
basic,5.510000229,Cc1ccnc2ccccc12
acidic,9.800000191,Cc1cn([C@H]2C[C@H](O)[C@@H](CO)O2)c(=O)[nH]c1=O
basic,7.550000191,Cc1cn2c3c(=O)n(C)c(=O)n(C)c3nc2n1CCCN1CCN(c2ccccc2)CC1
basic,8.659999847,Cc1cn2c3c(=O)n(C)c(=O)n(C)c3nc2n1CCCN1CCc2ccccc2C1
acidic,5.900000095,Cc1cnc(C(=O)NCCc2ccc(S(=O)(=O)NC(=O)NC3CCCCC3)cc2)cn1
basic,5.269999981,Cc1cnc2c(c1)cc(C)c1cc(C)cnc12
basic,6.309999943,Cc1cnc2c(ccc3c(C)c(C)cnc32)c1C
basic,5.150000095,Cc1cnc2ccccc2c1
basic,6.150000095,Cc1cncc(C)c1
basic,2.109999895,Cc1cncc(C)n1
basic,4.110000134,Cc1cnnc(C)c1
basic,4.820000172,Cc1n[nH]c(C)c1C
basic,3.599999905,Cc1nc(C)nc(N)n1
basic,4.53000021,Cc1nc(N(C)C)nc(OC(=O)N(C)C)c1C
basic,4.559999943,Cc1nc(N)c2ncsc2n1
acidic,4.400000095,Cc1nc(NS(=O)(=O)c2ccc(N)cc2)no1
basic,5.699999809,Cc1nc2c(/C=C/Cc3ccccc3)cccn2c1CC#N
basic,6.75,Cc1nc2c(/C=C/Cc3ccccc3)cccn2c1N
basic,5.96999979,Cc1nc2c(N[C@H]3c4ccccc4C[C@@H]3O)cc(C(N)=O)cn2c1C
basic,6.099999905,Cc1nc2c(OCc3ccccc3)cccn2c1CO
basic,5.110000134,Cc1nc2c3c(c(C(=O)N(C)C)cn2c1Br)CCC(c1ccccc1)C3
basic,6.78000021,Cc1nc2c3c(c(C(=O)N(C)C)cn2c1C)CCC(c1ccccc1F)O3
basic,6.840000153,Cc1nc2c3c(c(C(=O)N(C)C)cn2c1C)CCC1(Cc2ccccc2C1)O3
basic,5.860000134,Cc1nc2c3c(c(C(=O)N(C)C)cn2c1CO)CCC(c1ccccc1)O3
basic,6.639999866,Cc1nc2c3c(c(C(=O)N4CCC4)cn2c1C)CCC(c1ccccc1)O3
basic,6.730000019,Cc1nc2c3c(c(C(=O)N4CCCC4)cn2c1C)CCC(c1ccccc1)O3
basic,6.519999981,Cc1nc2c3c(c(C(N)=O)cn2c1C)CCC(c1ccccc1)O3
acidic,3.25999999,Cc1ncc(C(=O)O)s1
basic,4.190000057,Cc1ncc(CN(C=O)C(C)C(=S)CCO)c(N)n1
basic,2.519999981,Cc1ncnc2ccccc12
basic,2.920000076,Cc1ncnc2nccnc12
acidic,5.210000038,Cc1nn[nH]n1
basic,5.360000134,Cc1nnc2c(c1C)CCC2
basic,8.199999809,Cc1noc(C2=CCC(C)NC2)n1
basic,5.599999905,Cc1noc(CN(C)C)n1
acidic,9.149999619,Cc1nonc1CN=O
acidic,2.799999952,Cc1onc(-c2ccccc2)c1C(=O)N[C@@H]1C(=O)N2[C@@H](C(=O)O)C(C)(C)S[C@H]12
basic,6.980000019,ClC1CC2CCN1CC2
basic,9.680000305,ClCC1CC2CCN1CC2
basic,6.269999981,ClCCN1CCOCC1
basic,6.449999809,Clc1ccc2c(NCc3nc(-c4ccccc4)cs3)ccnc2c1
basic,3.700000048,Clc1cccc(-c2ccccn2)n1
basic,10.89999962,Clc1cccc(Cl)c1N(CC1CC1)C1=NCCN1
acidic,8.5,Clc1ccccc1-c1cn[nH]n1
acidic,3.690000057,Clc1ccccc1-c1nn[nH]n1
acidic,4.340000153,Clc1ccccc1CN(Cc1nn[nH]n1)c1ccccc1
basic,6.099999905,Cn1/c(=N\N)sc2ccccc21
acidic,6.0,Cn1c(=O)c2c([nH]c(=O)n2C)n(C)c1=O
basic,10.60999966,Cn1c(=O)c2c(nc3n(CCCN4CCN(c5cccc(Cl)c5)CC4)c(-c4ccccc4)cn23)n(C)c1=O
basic,8.090000153,Cn1c(=O)c2c(nc3n(CCCN4CCN(c5ccccc5)CC4)ccn23)n(C)c1=O
acidic,9.260000229,Cn1c(=O)c2cn[nH]c2n(C)c1=O
basic,3.059999943,Cn1c(=O)n(C)c2c(N)cccc21
basic,7.199999809,CN1CCC=C(c2nc(-c3cn(C)c4ccccc34)no2)C1
acidic,5.25,Cn1cc(N)cc1C(=O)O
basic,6.099999905,Cn1ccc2c(Nc3cccc(Cl)c3)ncc(C(=O)N3CCOCC3)c21
basic,2.299999952,Cn1ccnc1F
basic,5.789999962,Cn1cnc2cccc(N)c21
acidic,8.430000305,Cn1cnc2nc(N)[nH]c(=O)c21
acidic,8.800000191,Cn1cnc2nc[nH]c(=O)c21
basic,9.0,CN1C2CCCC1CC(NC(=O)c1nn(C)c3ccccc13)C2
acidic,4.03000021,Cn1nc(Cl)nc1NN=O
basic,3.960000038,Cn1ncc2c(NC(C)(C)CC(C)(C)C)ncnc21
basic,3.529999971,Cn1ncc2c(Nc3ccccc3)ncnc21
acidic,3.5,Cn1nccc1-c1cc(Cl)ccc1Oc1ccc(S(=O)(=O)Nc2ncns2)cc1C#N
basic,8.699999809,FC(Cc1c[nH]c2ccc(-n3cnnc3)cc12)CN1CCC(Cc2ccccc2)CC1
acidic,2.75,Fc1cc(F)c(F)c(S)c1F
acidic,4.130000114,Fc1ccc(CN(Cc2nn[nH]n2)c2ccccc2)c(F)c1
acidic,4.199999809,Fc1ccc(CN(Cc2nn[nH]n2)c2ccccc2)cc1
basic,5.0,Fc1ccc(N2CCN(Cc3ccn4c(CC5CC5)nnc4c3C(F)(F)F)CC2)c(F)c1
basic,7.75,Fc1ccc2c(c1)N(CCCN1CCCC1)c1cc(F)ccc1CC2
basic,10.69999981,Fc1cccc(C(F)(F)F)c1N(CC1CC1)C1=NCCN1
basic,8.010000229,Fc1cccc(Cl)c1NC1=NCCN1
basic,10.30000019,Fc1cccc(F)c1N(CC1CC1)C1=NCCN1
acidic,3.880000114,Ic1ccc(-c2nn[nH]n2)cc1
acidic,2.599999905,N#CC(C#N)=C(Br)C(C#N)C#N
acidic,11.48999977,N#CC(C#N)Cc1ccc(Cl)cc1
acidic,6.449999809,N#CC(C#N)N=Nc1cccc(O)c1
acidic,6.699999809,N#CC(C#N)N=Nc1ccccc1C(=O)O
acidic,4.639999866,N#CC(CCCC(=O)O)c1ccccc1
basic,4.0,N#CC(c1ccc2c(c1)OCO2)N1CCCCC1
acidic,3.440000057,N#CCC(C(=O)O)c1ccccc1
basic,6.699999809,N#CCC(N)c1ccccc1
basic,6.860000134,N#CCCCOc1ccc(-c2ccc(-c3ccccc3Cl)n2Cc2cccc(N)n2)cc1
basic,7.75,N#CCCN
acidic,4.849999905,N#CCCN(CCC#N)c1nn[nH]n1
basic,5.369999886,N#CCN
basic,3.779999971,N#CCc1cccnc1
acidic,5.800000191,N#Cc1cc(NS(=O)(=O)c2ccccc2C(F)(F)F)ccc1Cl
acidic,2.559999943,N#Cc1ccc(NC(=O)c2ccc(S(=O)(=O)N3CCOCC3)cc2)c(C(=O)O)c1
basic,5.929999828,N#Cc1ccc(Nc2c3ccccc3nc3ccccc23)cc1
basic,3.099999905,N#Cc1ccc(Nc2nc(N)nc(Cc3c(Cl)cccc3Cl)n2)cc1
acidic,5.800000191,N#Cc1ccc(Oc2ccc(S(=O)(=O)Nc3ccc(F)cn3)cc2C#N)cc1Cl
basic,2.799999952,N#Cc1ccc2c(c1)CCN2
acidic,3.599999905,N#Cc1cccc(C(=O)O)c1
basic,2.829999924,N#Cc1cccc(N)c1
acidic,8.840000153,N#Cc1cccc(S(N)(=O)=O)c1
basic,9.039999962,NC(=O)C1CC2CCN1CC2
basic,5.599999905,NC(=O)CCCCc1cccnc1
basic,5.920000076,NC(=O)CCCCc1ccncc1
basic,5.090000153,NC(=O)CCc1ccccn1
acidic,5.050000191,NC(=O)CS(=O)(=O)NC(N)=O
basic,7.0,NC(=O)C[C@H](N)C(N)=O
basic,6.599999905,NC(=O)CN[C@@H]1CC[C@H](OCc2cc(C(F)(F)F)cc(C(F)(F)F)c2)[C@H]1c1ccccc1
acidic,4.059999943,NC(=O)Cc1ccc(C(=O)O)cc1
basic,4.340000153,NC(=O)Cc1ccccn1
acidic,3.75,NC(=O)c1ccccc1C(=O)O
acidic,8.609999657,NC(=O)c1ccccc1O
basic,3.319999933,NC(=O)c1cccnc1
basic,7.269999981,NCC(N)=S
basic,5.400000095,NC(=Nc1nsc2ccccc12)c1ccccc1
basic,9.93999958,NC(=Nc1ccccc1)Nc1ccccc1
basic,7.550000191,NC(N)=Nc1nc(-c2cccc(Nc3n[s+]([O-])nc3N)c2)cs1
basic,6.400000095,NC1=NC(c2ccnc(C(F)(F)F)c2)(c2ccc(F)c(-c3cncnc3)c2)c2cccc(F)c21
basic,8.300000191,NC1=NC2(CCc3ccc(NC(=O)c4ccc(Cl)cn4)cc32)CO1
basic,6.599999905,NC1=Nc2c(F)cccc2[C@H]2CCC[C@@]12F
basic,8.699999809,NCCC(F)(F)F
basic,2.859999895,NNC(=O)c1ccccn1
acidic,6.53000021,NS(=O)(=O)C(F)(F)Br
acidic,6.5,NS(=O)(=O)C(F)(F)Cl
acidic,10.03999996,NS(=O)(=O)CCc1ccccc1
acidic,8.81000042,NS(=O)(=O)Oc1ccc(C(=O)OC2CCCCC2)cc1
acidic,8.880000114,NS(=O)(=O)Oc1ccc(C(=O)OC2CCCCCC2)cc1
acidic,8.600000381,NS(=O)(=O)c1cc2c(s1)S(=O)(=O)CC(O)C2
acidic,8.300000191,NS(=O)(=O)c1cc2c(s1)S(=O)(=O)CC[C@@H]2O
acidic,8.350000381,NS(=O)(=O)c1cc2c(s1)S(=O)(=O)CC[C@H]2O
acidic,9.600000381,NS(=O)(=O)c1ccc(S(=O)(=O)CCCCO)cc1
acidic,9.0,NS(=O)(=O)c1ccc(S(=O)(=O)CCO)c(F)c1
acidic,9.25,NS(=O)(=O)c1ccc(SCCCCCO)cc1
acidic,9.5,NS(=O)(=O)c1ccc(SCCCCO)s1
acidic,9.319999695,NS(=O)(=O)c1ccc(SCCCO)s1
acidic,9.460000038,NS(=O)(=O)c1ccc(SCCO)s1
acidic,8.979999542,NS(=O)(=O)c1cccc(C(F)(F)F)c1
acidic,9.039999962,NS(=O)(=O)c1cccc(Cl)c1
acidic,9.404999733,NS(=O)(=O)c1nnc(Nc2ccccc2)s1
basic,2.210000038,Nc1[nH]cnc(=S)c1N
basic,9.795000076,Nc1c2ccccc2nc2ccccc12
basic,9.449999809,Nc1cc(N)c2ccccc2n1
basic,6.730000019,Nc1cc(N2CCOCC2)nc(N)n1
acidic,9.149999619,Nc1cc(S(N)(=O)=O)ccc1S(=O)(=O)CCCO
basic,3.049999952,Nc1cc2c(cc1Br)CCCC2
basic,9.06000042,Nc1ccncc1N
basic,3.50999999,Nc1ccc(-c2cnc(-c3ccc(Br)cc3)o2)cc1
basic,3.0,Nc1ccc(-c2nc3ccccc3s2)cc1
basic,3.789999962,Nc1ccc(Br)cc1
basic,2.299999952,Nc1ccc(Br)cc1Br
acidic,3.904999971,Nc1ccc(C(=O)O)c(Cl)c1
acidic,4.130000114,Nc1ccc(C(=O)O)c(F)c1
acidic,4.340000153,Nc1ccc(C(=O)O)cc1I
basic,2.24000001,Nc1ccc(C(=O)c2ccccc2)cc1
basic,3.974999905,Nc1ccc(Cl)cc1
acidic,6.949999809,Nc1ccc(S(=O)(=O)Nc2nccs2)c(Cl)c1
acidic,5.849999905,Nc1ccc(S(=O)(=O)Nc2nccs2)cc1/N=N/c1ccccc1
acidic,3.599999905,Nc1ccc(S(=O)(=O)c2ccc(C(=O)O)cc2)cc1
basic,4.849999905,Nc1ccc2ccnnc2c1
basic,4.28000021,Nc1cccc(-c2ccccc2)c1
basic,3.400000095,Nc1cccc(-c2nc3ccccc3s2)c1
basic,3.589999914,Nc1cccc(Cl)c1
basic,6.860000134,Nc1cccc(Cn2c(-c3ccc(Oc4ccccc4)cc3)ccc2-c2ccccc2Cl)n1
basic,6.860000134,Nc1cccc(Cn2c(-c3ccc(Oc4ccccn4)cc3)ccc2-c2ccccc2Cl)n1
basic,6.860000134,Nc1cccc(Cn2c(-c3ccccc3)ccc2-c2ccc(C(=O)NC3CC3)cc2)n1
basic,3.494999886,Nc1cccc(F)c1
basic,5.460000038,Nc1cccc2ncccc12
acidic,7.179999828,Nc1cccnc1C(=O)O
basic,5.0,Nc1cccnc1N1CCc2ccccc2C1
basic,5.704999924,Nc1ccncn1
basic,5.570000172,Nc1cn[nH]c1
basic,6.050000191,Nc1cncn1[C@H]1O[C@@H](CO)[C@H](O)[C@@H]1O
basic,3.430000067,Nc1n[nH]c(N)c1/N=N/c1ccccc1
acidic,9.680000305,Nc1nc2c(ncn2[C@@H]2C=C[C@H](CO)C2)c(=O)[nH]1
basic,7.010000229,Nc1nc2cc3ccccc3cc2[nH]1
basic,4.900000095,Nc1ncc(-c2ccccc2)s1
basic,3.299999952,Nc1nccc(-c2csc(N)n2)n1
basic,4.289999962,Nc1ncnc2c1cnn2CCO
basic,4.190000057,Nc1ncnc2c1ncn2C1CCCCC1
basic,3.900000095,Nc1ncnc2ncn([C@H]3O[C@H](CO)[C@@H](O)[C@H]3O)c12
basic,5.320000172,Nc1nnc(-c2cccc(Cl)c2Cl)c(N)n1
acidic,7.690000057,Nc1nnc(S(N)(=O)=O)s1
basic,8.25,Nc1noc(C2=CCCNC2)n1
basic,7.5,O=C(CCCCN1CCOCC1)c1ccccc1
basic,5.900000095,O=C(CCS(=O)(=O)c1ccc2cc(Cl)ccc2c1)N1CCC(c2cnc3ccccn23)CC1
basic,6.900000095,O=C(CCS(=O)(=O)c1ccc2cc(Cl)ccc2c1)N1CCC(c2cnc[nH]2)CC1
basic,6.389999866,O=C(CCN1CCOCC1)C(c1ccccc1)c1ccccc1
acidic,8.180000305,O=C(CCc1ccccc1)NO
acidic,6.900000095,O=C(CCl)Nc1nnc(-c2ccccc2)s1
acidic,6.199999809,O=C(CNC(=O)c1[nH]ccc(=O)c1(O))NCc1ccccc1
acidic,9.260000229,O=C(Cc1ccccc1)NO
basic,8.399999619,O=C(Cc1ccccc1Nc1c(Cl)cccc1Cl)OCCCCN1CCOCC1
basic,7.519999981,O=C(Cc1ccccc1Nc1c(Cl)cccc1Cl)OCCN1CCOCC1
basic,2.630000114,O=C(NCC1CCCCC1)c1cnc(Nc2cccc(Cl)c2)cc1C(F)(F)F
basic,9.199999809,O=C(NCCN1CCCC1)[C@H]1C[C@@H]1c1ccccc1
basic,5.300000191,O=C(NCc1ccc(S(=O)(=O)c2cc(F)cc(F)c2)cc1)c1ccc2nccn2c1
basic,4.400000095,O=C(NCc1ccncc1)C1=CCCC1C(=O)N1CCCC1
acidic,9.869999886,O=C(NO)C1CCCCC1
acidic,10.30000019,O=C(NO)Nc1ccccc1
acidic,10.0,O=C(Nc1cc(Cl)ccc1O)Oc1ccccc1
acidic,6.5,O=C(Nc1ccc(C2CCCCC2)cc1)C1=C(O)CC(C2CCCCC2)NC1=O
acidic,6.5,O=C(Nc1ccc(C2CCCCC2)cc1)C1=C(O)CC(Cc2ccccc2)NC1=O
acidic,6.5,O=C(Nc1ccc(S(=O)(=O)c2ccccc2)cc1)C1=C(O)CC(Cc2ccccc2)NC1=O
basic,9.199999809,O=C(Nc1cccc(OCc2ccccc2F)c1)C1CCN(c2ccncc2)CC1
basic,3.799999952,O=C(Nc1cccnc1)c1ccccc1
acidic,2.849999905,O=C(O[C@H]1O[C@@H](C(=O)O)[C@H](O)[C@@H](O)[C@@H]1O)c1ccccc1
acidic,4.699999809,O=C(O)/C=C/SC1CCCCC1
acidic,4.289999962,O=C(O)/C=C/c1ccco1
acidic,4.25,O=C(O)/C=C/c1cccs1
acidic,4.309999943,O=C(O)/C=C/c1ccoc1
acidic,4.949999809,O=C(O)/C=C\SC1CCCCC1
acidic,3.089999914,O=C(O)C#COc1ccccc1
acidic,2.680000067,O=C(O)C(=O)Cc1ccccc1
acidic,4.230000019,O=C(O)C(CO)c1ccccc1
acidic,4.25,O=C(O)C(c1ccc(-c2ccccc2)cc1)C(O)c1ccccc1
acidic,3.650000095,O=C(O)C(c1ccc(-c2ccccc2)cc1)C1(O)CCCC1
acidic,3.589999914,O=C(O)C(c1ccc(-c2ccccc2)cc1)C1(O)CCCCC1
acidic,4.239999771,O=C(O)C(c1ccc(C2CCCCC2)cc1)C(O)c1ccccc1
acidic,3.880000114,O=C(O)C1(O)CCC1
acidic,4.179999828,O=C(O)C1(O)CCCCC1
acidic,3.569999933,O=C(O)C1CC1(Br)Br
acidic,4.25,O=C(O)C1CCCOC1
acidic,3.059999943,O=C(O)CC(F)(F)F
acidic,4.400000095,O=C(O)CC(O)c1ccccc1
acidic,3.859999895,O=C(O)CCBr
acidic,4.460000038,O=C(O)CCC(=O)c1ccc(-c2ccccc2)cc1
acidic,4.230000019,O=C(O)CCP
acidic,4.449999809,O=C(O)CCc1ccsc1
acidic,5.0,O=C(O)CCc1nnnn1-c1ccccc1
acidic,3.160000086,O=C(O)CI
acidic,4.800000191,O=C(O)CN1C(=O)c2cccc3cccc(c23)C1=O
acidic,3.799999952,O=C(O)COc1cc2c(c(Cl)c1Cl)C(=O)C(CC1CCCC1)C2
acidic,3.519999981,O=C(O)CSc1ccccc1
acidic,4.360000134,O=C(O)C[C@]1(O)C[C@@H]2C=C[C@H]1C2
acidic,4.460000038,O=C(O)C[C@]1(O)C[C@@H]2CC[C@H]1C2
acidic,4.360000134,O=C(O)C[C@]1(O)C[C@H]2C=C[C@@H]1C2
acidic,7.0,O=C(O)Cc1cc(-c2ccccc2)c2ccccc2c1
acidic,7.099999905,O=C(O)Cc1cc2ccccc2cc1-c1ccccc1
acidic,6.599999905,O=C(O)Cc1ccc2c(-c3ccccc3)cccc2c1
acidic,6.699999809,O=C(O)Cc1cccc2c(-c3ccccc3)cccc12
acidic,6.900000095,O=C(O)Cc1cccc2cc(-c3ccccc3)ccc12
acidic,6.300000191,O=C(O)Cc1cccc2oc(-c3ccccc3)nc12
acidic,4.199999809,O=C(O)Cc1ccccc1Nc1c(Cl)cccc1Br
acidic,4.070000172,O=C(O)Cc1ccoc1
acidic,3.0,O=C(O)Cc1nn(Cc2nc3cc(C(F)(F)F)ccc3s2)c(=O)c2ccccc12
acidic,3.400000095,O=C(O)Cn1ccc2ccccc21
acidic,3.299999952,O=C(O)Cn1cccc1
acidic,4.820000172,O=C(O)[C@@H]1C[C@@H]1c1ccccc1
acidic,3.279999971,O=C(O)[C@@H]1O[C@H](Oc2ccc(I)cc2)[C@@H](O)[C@H](O)[C@H]1O
acidic,5.079999924,O=C(O)[C@H]1C[C@H]2CC[C@@H]1C2
acidic,4.900000095,O=C(O)c1c[nH]c2cc(F)c(-c3ccc(C4(O)CCC4)cc3)c(F)c12
acidic,5.269999981,O=C(O)c1c[nH]c2ccccc12
acidic,3.299999952,O=C(O)c1cc(-c2ccccc2)oc(=O)c1
acidic,3.900000095,O=C(O)c1cc(Br)ccc1O
acidic,2.839999914,O=C(O)c1cc2ccccc2o1
acidic,3.599999905,O=C(O)c1cc2ccccc2oc1=O
acidic,3.099999905,O=C(O)c1cc2ccccc2s1
acidic,3.880000114,O=C(O)c1cc2sccc2[nH]1
acidic,3.410000086,O=C(O)c1ccc(-c2ccc(Cl)c(O[C@H]3O[C@H](CO)[C@@H](O)[C@H](O)[C@@H]3O)c2)cc1
acidic,3.980000019,O=C(O)c1ccc(-c2ccc(O[C@H]3O[C@H](CO)[C@@H](O)[C@H](O)[C@@H]3O)c(Cl)c2)cc1
acidic,3.880000114,O=C(O)c1ccc(-c2ccc(O[C@H]3O[C@H](CO)[C@@H](O)[C@H](O)[C@@H]3O)cc2)cc1
acidic,3.299999952,O=C(O)c1ccc(Br)s1
acidic,4.420000076,O=C(O)c1ccc(C2CC2)cc1
acidic,3.9375,O=C(O)c1ccc(Cl)cc1
acidic,3.200000048,O=C(O)c1cccc(=O)cc1
acidic,3.863332987,O=C(O)c1cccc(Br)c1
acidic,3.700000048,O=C(O)c1cccc2cc3ccccc3cc12
acidic,2.930000067,O=C(O)c1ccccc1Br
acidic,3.430000067,O=C(O)c1ccccc1Cl
acidic,3.460000038,O=C(O)c1cccs1
acidic,3.839999914,O=C(O)c1ccn[nH]1
acidic,3.0,O=C(O)c1cnc(Cl)s1
acidic,3.700000048,O=C(O)c1csc(Br)c1
acidic,3.279999971,O=C(O)c1csc(Br)n1
acidic,3.799999952,O=C(O)c1csc(Cl)c1
acidic,2.799999952,O=C(O)c1cssc1=S
acidic,2.569999933,O=C(O)c1nccs1
basic,7.699999809,O=C(c1cc2cc(OC3CCN(C4CC4)CC3)ccc2[nH]1)N1CCOCC1
basic,7.5,O=C(c1cc2cc(OC3CCN(C4CC4)CC3)ccc2n1CC(F)(F)F)N1CCOCC1
basic,6.400000095,O=C(c1cc2cc(OC3CCN(C4COC4)CC3)ccc2n1CC(F)(F)F)N1CCOCC1
basic,10.0,O=C(c1cc2cc(OCCCN3CCCCC3)ccc2[nH]1)N1CCOCC1
acidic,11.86999989,O=C(c1ccc(Cl)cc1)c1ccn[nH]1
basic,6.800000191,O=C(c1ccc2c(c1)cc(C(=O)N1CCOCC1)n2CC(F)(F)F)N1CCN(C2CCC2)CC1
acidic,7.869999886,O=C(c1ccccc1)N(O)c1ccccc1
basic,8.399999619,O=C(c1nnc(-c2ccccc2)o1)N1CC(Oc2ccc(CN3CC4(CCCO4)C3)cc2)C1
basic,8.899999619,O=C(c1nnc(-c2ccccc2)o1)N1CCC(Oc2ccc(CN3CCC(O)C3)cc2)CC1
acidic,4.5,O=C1C(=NS(=O)(=O)c2ccccc2)C(c2cccc(Cl)c2)C(=O)c2ccccc21
acidic,4.900000095,O=C1C(=NS(=O)(=O)c2ccccc2)C(c2ccccc2Cl)C(=O)c2ccccc21
acidic,3.960000038,O=C1C=C(O)C(Cc2ccc(Br)cc2)C1
acidic,3.190000057,O=C1C=C(O)c2ccccc2C1=O
acidic,3.0,O=C1CC(c2ccccc2)CC(O)=C1Sc1ccccc1Cl
acidic,7.599999905,O=C1CCCC(=O)N1O
basic,6.099999905,O=C1CCN(Cc2ccc3c(c2)OCO3)C1
acidic,6.679999828,O=C1CSC(=O)N1
acidic,7.239999771,O=C1Cc2cc(O)ccc21
acidic,9.909999847,O=C1NC(=O)c2ccccc21
basic,8.75,O=C1NCC(c2ccc(F)cc2)C12CCN(C1(c3ccc(F)cc3)CCCCC1)CC2
basic,7.099999905,O=C1NCC(c2ccccc2)C12CCN(C1(c3ccccc3)CCCOC1)CC2
basic,8.850000381,O=C1NC[C@@H](c2ccccc2)C12CCN(C1CCCCC1c1ccccc1)CC2
acidic,3.5,O=C1OC2C3CC4C2C4(C(=O)O)C13Br
acidic,6.130000114,O=C1c2ccccc2C(=O)N1O
acidic,4.559999943,O=Cc1ccccc1C(=O)O
basic,7.699999809,O=NC(=O)CCc1ccc(CN2CCCC(c3c(-c4ccccc4)[nH]c4ccccc34)C2)cc1
basic,6.190000057,O=NCC(=O)NCCN1CCOCC1
acidic,5.429999828,O=Nc1c(O)ccc2ncsc12
acidic,4.099999905,O=P1(O)NCCCO1
acidic,5.150000095,O=S(=O)(Cc1ccccc1)c1cn[nH]n1
acidic,6.230000019,O=S(=O)(Cc1ccccc1)c1ncn[nH]1
acidic,4.949999809,O=S(=O)(NBr)c1ccccc1
acidic,5.300000191,O=S(=O)(Nc1cc(Cl)c(Cl)cc1Cn1ccnn1)c1ccc(Cl)s1
acidic,8.239999771,O=S(=O)(Nc1ccc(Cl)cc1)c1ccc(Br)cc1
acidic,8.609999657,O=S(=O)(Nc1ccc(Cl)cc1)c1ccc(F)cc1
acidic,8.329999924,O=S(=O)(Nc1ccc(Cl)cc1)c1ccccc1
acidic,3.5,O=S(=O)(Nc1cccc(C(F)(F)F)c1)C(F)(F)F
acidic,7.539999962,O=S(=O)(Nc1cccc(F)c1)c1ccccc1
acidic,8.5,O=S(=O)(Nc1ccccc1)c1ccc(Br)cc1
acidic,8.25,O=S(=O)(Nc1ccccc1)c1cccc(Br)c1
acidic,5.300000191,O=S(=O)(Nc1cncc(Br)c1)c1ccccc1C(F)(F)F
basic,6.300000191,O=S(=O)(c1ccc(F)cc1)C1(F)CCN(CCc2ccc(F)cc2F)CC1
basic,7.5,O=S(=O)(c1cccc(F)c1)c1ccc2c3c(oc2c1)C1(CCCOC1)NCC3
acidic,6.090000153,[O-][S+](Cc1ccccc1)c1cn[nH]n1
acidic,7.380000114,[O-][S+](Cc1ccccc1)c1ncn[nH]1
acidic,9.010000229,O=S1(=O)NCN(CC(F)(F)F)c2ccc(Cl)cc21
acidic,5.230000019,O=S1N=C(CCc2ccccc2)NO1
acidic,9.600000381,O=c1[nH]c2cc(C(F)(F)F)ccc2n1-c1cc(Cl)ccc1O
acidic,9.670000076,O=c1[nH]c2ccccc2[nH]c1=O
acidic,8.25,O=c1[nH]c2ccccc2c(=O)o1
acidic,8.949999809,O=c1[nH]cnc2cccnc12
acidic,7.010000229,O=c1[nH]sc2ccccc12
acidic,5.849999905,O=c1c(-c2nn[nH]n2)coc2ccccc12
acidic,2.799999952,O=c1c(CC[S+]([O-])c2ccccc2)c(O)n(-c2ccccc2)n1-c1ccccc1
acidic,2.00999999,O=c1c(O)c1-c1ccccc1
basic,5.389999866,O=c1c2ccccc2n(CCCN2CCCCC2)c2ccc(Cl)cc12
acidic,11.39999962,O=c1cc(-c2ccccc2)[nH][nH]1
basic,10.10000038,O=c1cc(-c2ccccc2)c2ccccc2n1CC1CN2CCC1CC2
acidic,5.800000191,O=c1cc(O)c2ccc(Cl)cc2[nH]1
acidic,4.869999886,O=c1cc(O)c2ccccc2o1
acidic,3.700000048,O=c1cc(O)n2nccc2[nH]1
acidic,6.179999828,O=c1ccc2ccc(O)cc2o1
acidic,6.599999905,O=c1cnn([C@H]2O[C@@H](CO)[C@H](O)[C@@H]2O)c(=O)[nH]1
acidic,6.840000153,O=c1oc2cc(O)ccc2cc1-c1nc2ccccc2o1
acidic,7.019999981,O=c1oc2cc(O)ccc2cc1-c1nc2ccccc2s1
acidic,11.18000031,OC(CBr)(Oc1ccccc1)c1ccccc1
basic,8.840000153,OC1(c2cc3ccccc3o2)CN2CCC1CC2
basic,5.929999828,OCCCCCc1ccccn1
basic,6.039999962,OCCCCCc1ccncc1
basic,8.199999809,OCCCNc1c2ccccc2nc2c1oc1ccccc12
basic,11.17000008,OCCC[C@H]1CC[C@@H]2CCCN21
acidic,3.700000048,OC[C@H]1O[C@H](Oc2ccc(-c3ccc(-c4nn[nH]n4)cc3)cc2)[C@@H](O)[C@@H](O)[C@@H]1O
acidic,9.920000076,OCc1ccccc1O
acidic,8.789999962,OCc1nc2ncncc2[nH]1
basic,3.920000076,O[C@H]1CO[C@H](n2cnc3ccccc32)[C@@H](O)[C@@H]1O
acidic,7.0,Oc1cc(Cl)c(Cl)cc1Cl
acidic,8.069999695,Oc1cc(Cl)cc(Cl)c1
acidic,9.220000267,Oc1cc(O[C@@H]2OC[C@@H](O)[C@H](O)[C@H]2O)c2ccccc2c1
acidic,8.659999847,Oc1cc(O[C@@H]2OC[C@@H](O)[C@H](O)[C@H]2O)cc2ccccc12
acidic,7.199999809,Oc1ccc(/N=N/c2nc3ccccc3s2)c2cccnc12
acidic,8.640000343,Oc1ccc(Cl)c2ccccc12
acidic,9.316666603,Oc1ccc(Cl)cc1
acidic,9.885000229,Oc1ccc(F)cc1
acidic,9.340000153,Oc1ccc2c(O[C@@H]3OC[C@@H](O)[C@H](O)[C@H]3O)cccc2c1
acidic,9.31000042,Oc1ccc2cc(Cl)ccc2c1
acidic,9.380000114,Oc1ccc2cccc(-c3ccccc3)c2c1
acidic,8.649999619,Oc1cccc2[nH]ncc12
acidic,9.579999924,Oc1cccc2c1-c1c(O)cccc1-2
acidic,8.640000343,Oc1cccc2c1-c1ccccc1-2
acidic,9.289999962,Oc1cccc2ccc(O[C@@H]3OC[C@@H](O)[C@H](O)[C@H]3O)cc12
acidic,8.770000458,Oc1cccc2scnc12
acidic,7.5,Oc1ccccc1-c1ccccc1O
acidic,8.676667213,Oc1ccccc1Cl
acidic,10.44499969,Oc1ccccc1O
acidic,8.720000267,Oc1oc(-c2ccccc2)nc1Cc1ccccc1
acidic,4.150000095,On1nnc2ccc(Cl)cc21
acidic,10.42000008,S=C(Nc1ccc(Br)cc1)c1ccccc1
acidic,9.960000038,S=C(Nc1ccc(Cl)c(Cl)c1)c1ccccc1
acidic,10.25,S=C(Nc1ccc(Cl)cc1)c1ccc(Cl)cc1
acidic,10.48999977,S=C(Nc1ccccc1)c1cccc(Br)c1
acidic,2.970000029,S=C(S)N1CCCC1
acidic,10.81999969,S=c1[nH]ccc2ccccc12
basic,10.32999992,N=CN1C2CCC1CC(OC(=O)C(CO)c1ccccc1)C2
basic,5.900000095,NC1(C(=O)N[C@H](Cc2c[nH]c3ccccc23)C(=O)N2CCC3(CCc4ccccc43)CC2)CC1
basic,9.300000191,NC12CCC(C1)C2
basic,10.52000046,NCC1CCCCC1
basic,9.850000381,NCCC=C(Cl)Cl
basic,10.0,NCCCCBr
basic,10.35000038,NCCCCO
basic,9.890000343,NCCCCl
basic,10.0,NCCCO
basic,9.524999619,NCCO
basic,9.659999847,NCCc1ccc(Cl)cc1
basic,10.05000019,N[C@@H]1CCC[C@H](O)C1
basic,6.599999905,N[C@@H]1C[C@]1(F)c1ccc(C(F)(F)F)cc1
basic,9.350000381,N[C@H]1CCCC[C@@H]1O
basic,9.279999733,N[C@H]1CCC[C@@H]1O
basic,9.210000038,N[C@H]1CCc2ccccc21
basic,7.0,N[C@H]1C[C@]1(F)c1ccc(C(F)(F)F)cc1
basic,7.349999905,N[C@H]1C[C@]1(F)c1ccccc1
basic,3.890000105,ONc1cc[n+](O)c2ccccc12
basic,6.760000229,ONc1ccnc2ccccc12
acidic,5.760000229,[O-][n+]1ccc(O)cc1
acidic,5.980000019,[O-][n+]1ccccc1O
acidic,5.699999809,Oc1c(Cl)cc(Cl)c(Cl)c1Cl
acidic,5.480000019,Sc1ccc(Cl)c(Cl)c1
acidic,5.820000172,Sc1ccc(Cl)cc1
acidic,6.485000134,Sc1ccccc1
basic,6.699999809,c1cc(N2CCOCC2)ccc1N1CCCCC1
basic,9.5,c1cc2c(cc1CN1CCC1)OCO2
basic,9.699999809,c1cc2c(cc1CN1CCCC1)OCO2
basic,7.0,c1cc2c(cc1CN1CCOCC1)OCO2
basic,4.690000057,c1ccc(-c2cc3c(-c4ccccc4)ccnc3c3ncccc23)cc1
basic,5.300000191,c1ccc(-c2ccncc2)cc1
basic,6.050000191,c1ccc(-c2cnc[nH]2)cc1
acidic,4.363333225,c1ccc(-c2nn[nH]n2)cc1
basic,9.600000381,c1ccc(C2CCCN2)cc1
basic,6.46999979,c1ccc(C2CN2)cc1
basic,10.35000038,c1ccc(CC2CCCN2)cc1
basic,5.150000095,c1ccc(CNc2nccs2)cc1
basic,5.409999847,c1ccc(CSc2ccncc2)cc1
basic,7.440000057,c1ccc(CN(Cc2ccccc2)Cc2ccccc2)cc1
basic,5.340000153,c1ccc(Oc2ccnc3c2ccc2c(Oc4ccccc4)ccnc23)cc1
basic,5.510000229,c1ccc2[nH]cnc2c1
basic,8.399999619,c1ccc2c3c([nH]c2c1)CNCC3
basic,5.239999771,c1ccc2cc3[nH]cnc3cc2c1
basic,2.430000067,c1ccc2cc3nc4c(ccn5ccnc45)cc3cc2c1
basic,5.360000134,c1ccn(-c2ncc[nH]2)c1
basic,9.800000191,c1cnc(OC[C@H]2C[C@H](c3ccc(CN4CCCC4)cc3)C2)nc1
basic,6.599999905,c1cnc2c(c1)CCCC2
basic,5.300000191,c1cnc2c(c1)c1c(c3cccnc32)CCCC1
basic,10.02999973,c1coc(C2CN3CCC2CC3)c1
basic,2.539999962,c1cscn1
basic,6.230000019,c1nc2c(ccc3c4c(cnc32)CCCC4)c2c1CCCC2
acidic,4.815000057,c1nn[nH]n1
acidic,8.85,O=C(O)c1coc2ccccc2c1=O
basic,8.6,Nc1cccc2nc(Cc3ccccc3)[nH]c12
acidic,7.75,COc1ccc(O)c(=O)cc1
basic,9.21,COc1ccc2[nH]c3c(c2c1)CCN=C3C
basic,9.47,C/N=C1/CCCCC1C
acidic,11.13,O=C1CCCC2CCCC(O)=C12
basic,7.41,Cc1cccc(C)c1COc1cccn2c(C)c(C)nc12
acidic,8.0,COc1ccccc(O)c1=O
basic,7.52,Cc1cccc(N=c2c3ccccc3[nH]c3ccccc23)c1
basic,7.7,N=C(O)CCCCCCCc1ccc(N=c2c3ccccc3[nH]c3ccccc23)cc1
basic,7.7,N=C(O)CCCCCc1ccc(N=c2c3ccccc3[nH]c3ccccc23)cc1
basic,7.67,N=C(O)CCCc1ccc(N=c2c3ccccc3[nH]c3ccccc23)cc1
acidic,8.27,Cc1cc(C#N)cc(C)c1O
basic,8.6,Cc1cnc(NCCc2ccccc2)c(=O)n1CC(O)=NCc1ccc2c(=N)[nH]oc2c1
basic,7.43,N=C(O)Cc1ccc(N=c2c3ccccc3[nH]c3ccccc23)cc1
basic,7.88,Cc1nc(CO)[nH]c1C
basic,8.1,Cc1nc2cccc(N)c2[nH]1
basic,7.45,Cc1cc(Cl)n(C)c2nc3ccccc3c1-2
basic,8.0,CCc1[nH]c(=N)[nH]c(=N)c1-c1ccc2c(c1)N(CCCOC)C(=O)C(C)(c1cc(F)cc(F)c1)O2
basic,8.0,CCc1[nH]c(=N)[nH]c(=N)c1-c1ccc2c(c1)N(CCN=C(C)O)C(=O)C(C)(C)O2
basic,7.73,Cc1nc2c3c(ccn2c1C)CCC(c1ccccc1)O3
basic,7.63,CCn1c(-c2ccc(OC)cc2)cs/c1=N/c1ccc2oc(=O)ccc2c1
basic,7.55,CCCSC(=O)CCCc1cnc[nH]1
basic,9.57,CC1=NCCCC1
basic,5.0,C/C(=C\c1ccccn1)[C@@H]1C[C@@H]2O[C@]2(C)CCC[C@H](C)[C@H](O)[C@@H](C)C(=O)C(C)(C)[C@@H](O)CC(=O)O1
basic,10.19999981,C1=C(c2ccc3ccccc3c2)N2CCN=C2c2ccccc21
basic,8.199999809,CC#CCn1c(N2CCNCC2)c(C#N)c2ncn(CC(=O)c3cccc(OC)c3)c(=O)c21
basic,3.599999905,CC(=O)N1CCN(c2ccc(OCc3cc4cnc(C#N)nc4n3CCC3CCC(F)(F)CC3)cc2)CC1
acidic,5.199999809,CC(=O)n1cc(C2=C(O)CC(C)(C)CC2=O)c2ccccc21
basic,9.199999809,CC(C)(C)Cn1c(CN2C(=O)CC3(CCNCC3)C2=O)cc2cnc(C#N)nc21
basic,9.699999809,CC(C)(C)NC[C@H](O)c1cc(Cl)c(N)c(Cl)c1
basic,7.239999771,CC(C)Cn1cnc2c(N)nc3ccccc3c21
basic,8.659999847,CC(C)N(CCc1c[nH]c2ccccc12)Cc1ccc(CCC(=O)N=O)cc1
basic,8.520000458,CCCCCCCCc1ccc(CCC(N)(CO)CO)cc1
basic,8.5,CCOC(=O)N1CCC(C)(CN2CCC3(CC2)CN(S(C)(=O)=O)c2ncccc23)CC1
acidic,8.355999947,CCOc1ccc2nc(S(N)(=O)=O)sc2c1
acidic,10.60000038,CCc1cc(Br)ccc1S(=O)(=O)NCc1ccccc1
basic,4.300000191,CCc1ncnc(NC(CC)c2ccc(Oc3ccc(F)cc3)cc2)c1Br
basic,6.199999809,CN1C(=O)Cn2cc(C(=O)NCc3ccc(Cl)cc3)c(=O)c3cc(CN4CCOCC4)cc1c32
basic,9.199999809,CNC(=O)c1c(NCC2CCC3(CCC3)CC2)nc(C#N)nc1OC1CC(C)(C)NC(C)(C)C1
basic,8.600000381,CNC(=O)c1ccc(Oc2ccc3c(c2)CCN(C2CCC2)CC3)nc1
acidic,7.599999905,CNC(=O)c1nc(-c2ccc(Cl)c(S(=O)(=O)Nc3cccc(F)c3C)c2)cnc1N
acidic,2.900000095,COC(=O)/C=C/C(=O)O
basic,4.800000191,COC(=O)c1ccc2[nH]cc(CN3CCCC4(CCN(c5nc(C)cc(C)n5)CC4)C3=O)c2c1
basic,6.070000172,COc1ccc(-c2c(C)nc3c(-c4ccccn4)cnn3c2N)cc1
acidic,8.300000191,COc1ccc(NS(=O)(=O)c2ccc(-n3cccn3)cc2)cc1OC
basic,6.5,COc1ccc(Nc2ccc3ccccc3n2)cc1
acidic,8.399999619,COc1cccc(-c2nnc3n(Cc4ccccc4Cl)c(=O)c4ccccc4n23)c1O
acidic,8.600000381,CS(=O)(=O)Nn1c(=O)[nH]c2cc(C(F)(F)F)c(N)cc2c1=O
acidic,8.350000381,CS(=O)(=O)Nn1c(=O)[nH]c2cc(C(F)(F)F)c(N3CCOCC3)cc2c1=O
basic,4.800000191,CS(=O)(=O)c1ccc(-c2cnc(N)c(-c3ccc(C(F)(F)F)nc3)c2)cc1
acidic,7.309999943,CS(=O)(=O)c1ccc(-c2nc3c(c(=O)[nH]2)COCC3)cc1
basic,3.839999914,CS(=O)(=O)c1ccc(C(=O)Nc2ccc(Cl)c(-c3ccccn3)c2)c(Cl)c1
basic,7.699999809,C[C@@H](NC(=O)c1cc(C(=O)N[C@@H](Cc2ccccc2)[C@H](O)CNC2CC2)cc(N(C)S(C)(=O)=O)c1)c1ccc(F)cc1
basic,8.600000381,Cc1[nH]c2ccccc2c1CCNCc1ccc(CCC(=O)N=O)cc1
basic,9.0,Cc1cc(C(=O)CN2CCCC2)c(C)n1-c1ccc(F)cc1
basic,7.9,Cc1cc(=N)[nH]c2ccccc12
basic,3.400000095,Cc1ccc(C)c(CN2C(=O)CCCC23CCN(c2cnc4ccccc4n2)CC3)c1
acidic,3.349999905,Cc1ccc(C)n1-c1ccc(Cl)cc1C(=O)O
basic,4.199999809,Cc1ccnc(N2CCC3(CCCN(Cc4c[nH]c5ccccc45)C3=O)CC2)n1
basic,3.900000095,Cc1csc2ncnc(NCCc3ccc(Cl)cc3)c12
basic,4.349999905,Cc1nc(C#Cc2ccnc(Cl)c2)c(C)n1-c1ccc(F)cc1
basic,8.375,CN(C)Cc1ccc(-c2cc3onc(-c4ccccc4)c3c(=O)n2C)cc1
acidic,6.800000191,Cn1c(=O)n(NS(C)(=O)=O)c(=O)c2ccc(Cl)cc21
acidic,6.5,Cn1cc(C(=O)O)c(=O)c2ccccc21
acidic,3.700000048,Ic1cccc(-c2nn[nH]n2)c1
acidic,3.700000048,N#Cc1c(-c2ccc(Cl)cc2)nc(SCC(=O)Nc2ccc(Cl)cc2)[nH]c1=O
basic,4.0,NC(=O)c1cccc(-c2cc(Nc3ccc(OC(F)(F)F)cc3)ncn2)c1
basic,2.900000095,Nc1n[nH]c2cc(Br)ccc12
acidic,9.899999619,O=C(NC(=O)c1ccccc1)c1ccccc1
acidic,3.299999952,O=C(Nc1ccccc1C(=O)O)c1cccc(Oc2ccccc2)c1
acidic,10.5,O=C(Nc1nccs1)C(CC1CCCC1)c1ccc(Cl)cc1
acidic,3.50999999,O=C(O)COc1ccc(Cl)cc1C1CCCCC1
acidic,3.5,O=C(O)CSc1ncnc2cc(-c3ccc(Br)cc3)sc12
acidic,4.199999809,O=C(O)c1ccc(NC(=O)c2cn(-c3ccccc3)nc2-c2ccc(Cl)cc2)cc1
acidic,3.900000095,O=C(O)c1ccccc1Nc1cc(C(F)(F)F)cc(C(F)(F)F)c1
acidic,4.389999866,O=C(O)c1ccccc1Nc1ccc(CCc2ccc(Cl)c(Cl)c2)cc1
basic,3.299999952,O=C1CCCC2(CCN(c3cnc4ccccc4n3)CC2)N1Cc1c[nH]c2ccccc12
basic,3.299999952,O=C1CCCC2(CCN(c3cnc4ccccc4n3)CC2)N1Cc1ccccc1
basic,3.900000095,O=C1N(Cc2c[nH]c3ccccc23)CCCC12CCN(c1cnc3ccccc3n1)CC2
acidic,8.199999809,O=S(=O)(c1ccccc1)N(CC(F)(F)F)c1ccc(C(O)(C(F)(F)F)C(F)(F)F)cc1
acidic,7.869999886,O=c1[nH]c(-c2ccc(C(F)(F)F)cc2)nc2c1CCOC2
basic,8.399999619,NC(CO)c1ccccc1
basic,9.0,c1ccc(N2CCNCC2)cc1
basic,9.5,CC(=O)CC1CCCCN1
acidic,4.309999943,CC(C)n1c(/C=C/[C@H](O)C[C@H](O)CC(=O)O)c(-c2ccc(F)cc2)c2ccccc21
basic,7.900000095,CC1(C)CC(=O)CC(C)(C)N1
basic,10.55000019,CC1=CCN2CCC[C@@H]12
basic,9.479999542,CCCOC(=O)NCCCN(C)C
basic,5.400000095,CCOC(=O)[C@@H]1CN(Cc2ccccc2)C[C@@H]1C(F)(F)F
basic,9.300000191,CCN1CCCC1CNC(=O)c1cc(S(=O)(=O)CC)c(N)cc1OC
basic,9.229999542,COc1ccc2c3c1O[C@H]1[C@@H](O)C=CC4[C@@H](C2)NCC[C@@]341
basic,9.859999657,COc1cccc(C[C@H](C)N)c1
acidic,5.039999962,C[C@H](CCC(=O)O)C1CC[C@H]2C3[C@@H](O)C[C@@H]4C[C@H](O)CC[C@]4(C)[C@H]3CC[C@]12C
acidic,5.03000021,C[C@H](CCC(=O)O)C1CC[C@H]2C3[C@H](CC[C@]12C)[C@@]1(C)CC[C@@H](O)C[C@H]1C[C@H]3O
basic,8.699999809,CN(C)CCCC#N
basic,9.800000191,CN(C)CCCCSc1ccccc1
basic,9.729999542,CN[C@H](C)[C@@H](O)c1ccccc1
acidic,3.210000038,Cc1cc(Cl)ccc1O[C@H](C)C(=O)O
basic,10.0,Cc1cccc(-n2ncc(C(=O)Nc3nccs3)c2C2CCNCC2)c1
acidic,3.400000095,Cn1nnnc1SCC1CS[C@@H]2C(=NC(=O)[C@H](O)c3ccccc3)C(=O)N2C1C(=O)O
basic,7.449999809,FC(F)(F)c1cccc(N2CCN(C3C4CC5CC(C4)CC3C5)CC2)c1
basic,9.399999619,FC1CCNC1
basic,7.800000191,NCCS(=O)(=O)c1ccccc1
acidic,4.090000153,O=C(O)c1ccccc1Nc1cccc(C(F)(F)F)c1
acidic,2.319999933,O=C(O)c1nc(Cl)ccc1Cl
basic,8.399999619,O=C1CCCN1CC#CCN1CCCC1
basic,10.0,NCCCCS(=O)(=O)c1ccccc1
basic,9.0,NCCSc1ccccc1
acidic,8.14,O=c1[nH]c(=S)[nH]c2ccccc12
